"STATION","DATE","LATITUDE","LONGITUDE","ELEVATION","NAME","TEMP","TEMP_ATTRIBUTES","DEWP","DEWP_ATTRIBUTES","SLP","SLP_ATTRIBUTES","STP","STP_ATTRIBUTES","VISIB","VISIB_ATTRIBUTES","WDSP","WDSP_ATTRIBUTES","MXSPD","GUST","MAX","MAX_ATTRIBUTES","MIN","MIN_ATTRIBUTES","PRCP","PRCP_ATTRIBUTES","SNDP","FRSHTT"
"00826099999","2008-01-01","0.0","0.0","0.0","WXPOD8270","  36.5","24","  29.5","24","1022.5","16","999.9"," 0","  8.3","24","  9.0","24"," 20.0"," 30.9","  55.9"," ","  19.4","*"," 0.01","G","999.9","010000"
"00826099999","2008-01-02","0.0","0.0","0.0","WXPOD8270","  37.0","24","  31.8","20","1019.4","17","999.9"," 0","  8.0","24","  4.1","24"," 20.0"," 27.0","  54.0"," ","  24.8","*"," 0.17","G","999.9","001000"
"00826099999","2008-01-03","0.0","0.0","0.0","WXPOD8270","  11.9","24","   3.4","22","1027.2","16","999.9"," 0"," 13.3","24","  8.7","24"," 22.9"," 35.0","  25.0","*","   6.8","*"," 0.00","G","999.9","011000"
"00826099999","2008-01-04","0.0","0.0","0.0","WXPOD8270","  31.8","24","  21.0","10","1033.1","15","999.9"," 0","  9.9","24"," 10.7","24"," 26.0"," 39.0","  59.0"," ","   8.6","*"," 0.16","G","999.9","010000"
"00826099999","2008-01-05","0.0","0.0","0.0","WXPOD8270","  48.4","24","  40.3","18","1021.1"," 6","999.9"," 0","  8.5","24"," 10.4","24"," 19.0"," 30.9","  57.2","*","  33.8","*"," 2.88","G","999.9","010010"
"00826099999","2008-01-06","0.0","0.0","0.0","WXPOD8270","  48.8","24","  40.7","17","1012.7","13","999.9"," 0","  9.5","24","  9.6","24"," 21.0"," 28.9","  57.2","*","  33.8","*"," 0.41","G","999.9","010000"
"00826099999","2008-01-07","0.0","0.0","0.0","WXPOD8270","  46.5","24","  40.4","24","1016.2","14","999.9"," 0"," 10.1","24","  4.6","24"," 19.0"," 28.9","  62.6","*","  37.4","*"," 0.00","G","999.9","000000"
"00826099999","2008-01-08","0.0","0.0","0.0","WXPOD8270","  47.3","24","  39.7","20","1019.3","21","999.9"," 0","  8.5","24","  5.9","24"," 23.9"," 36.9","  64.4","*","  41.0"," "," 0.01","G","999.9","010010"
"00826099999","2008-01-09","0.0","0.0","0.0","WXPOD8270","  47.8","24","  44.8","24","1021.3","13","999.9"," 0","  6.7","24","  8.6","24"," 28.0"," 41.0","  57.2","*","  42.8","*"," 0.18","G","999.9","110000"
"00826099999","2008-01-10","0.0","0.0","0.0","WXPOD8270","  45.5","24","  43.3","24","1022.7"," 9","999.9"," 0","  5.5","24","  4.9","24"," 19.0"," 23.9","  54.0"," ","  35.1"," "," 0.03","G","999.9","010000"
"00826099999","2008-01-11","0.0","0.0","0.0","WXPOD8270","  48.1","24","  47.3","23","1021.8"," 6","999.9"," 0","  4.8","24","  6.4","24"," 22.0"," 33.0","  57.2","*","  35.1"," "," 0.11","G","999.9","110010"
"00826099999","2008-01-12","0.0","0.0","0.0","WXPOD8270","  50.2","24","  45.3","24","9999.9"," 0","999.9"," 0","  7.6","24","  3.9","24"," 18.1","999.9","  55.9"," ","  37.4","*"," 0.67","G","999.9","010000"
"00826099999","2008-01-13","0.0","0.0","0.0","WXPOD8270","  42.7","23","  38.2","21","1021.8","13","999.9"," 0","  9.0","23","  4.7","23"," 13.0"," 16.9","  55.0"," ","  32.0"," "," 0.01","G","999.9","101000"
"00826099999","2008-01-14","0.0","0.0","0.0","WXPOD8270","  34.9","24","  30.8","18","1021.4","12","999.9"," 0","  5.5","24","  7.3","24"," 21.0"," 30.9","  45.0"," ","  26.6","*"," 0.46","G","999.9","111000"
"00826099999","2008-01-15","0.0","0.0","0.0","WXPOD8270","  32.9","23","  23.4","19","1023.5","14","999.9"," 0","  7.5","23","  5.1","23"," 11.1","999.9","  57.9"," ","  19.4","*"," 0.22","G","999.9","100000"
"00826099999","2008-01-16","0.0","0.0","0.0","WXPOD8270","  36.4","20","  24.9","18","1019.7"," 8","999.9"," 0"," 11.0","20","  5.6","20"," 16.9"," 23.9","  57.9"," ","  26.6","*"," 0.00","G","999.9","001000"
"00826099999","2008-01-17","0.0","0.0","0.0","WXPOD8270","  35.8","23","  28.1","16","1022.1"," 9","999.9"," 0","  7.3","23","  8.2","23"," 16.9"," 23.9","  50.0","*","  27.0","*"," 0.08","A","999.9","011000"
"00826099999","2008-01-18","0.0","0.0","0.0","WXPOD8270","  42.2","24","  31.3","23","1021.3","20","999.9"," 0","  8.6","24","  4.2","24"," 21.0"," 27.0","  60.1"," ","  28.9"," "," 0.07","G","999.9","011000"
"00826099999","2008-01-19","0.0","0.0","0.0","WXPOD8270","  36.0","23","  26.7","22","1024.2","18","999.9"," 0","  9.1","23","  4.6","23"," 15.9"," 22.0","  59.0"," ","  24.8","*"," 0.12","G","999.9","000000"
"00826099999","2008-01-20","0.0","0.0","0.0","WXPOD8270","  34.9","23","  26.0","17","1015.1","16","999.9"," 0","  9.6","23","  7.0","23"," 15.0"," 21.0","  57.0"," ","  23.0","*"," 0.15","G","  2.0","001000"
"00826099999","2008-01-21","0.0","0.0","0.0","WXPOD8270","  30.3","16","  16.2","12","1030.0"," 9","999.9"," 0"," 11.7","16","  9.5","16"," 18.1"," 25.1","  50.0","*","  12.9"," "," 0.00","G","999.9","010000"
"00826099999","2008-01-22","0.0","0.0","0.0","WXPOD8270","  40.8","24","  36.3","22","1020.1"," 5","999.9"," 0","  7.9","24","  6.7","24"," 20.0"," 25.1","  44.6","*","  30.2","*"," 0.05","G","999.9","011010"
"00826099999","2008-01-23","0.0","0.0","0.0","WXPOD8270","  40.2","24","  37.9","21","1014.8","21","999.9"," 0","  9.2","24","  4.7","24"," 15.0","999.9","  43.0"," ","  28.4","*"," 0.16","G","999.9","010000"
"00826099999","2008-01-24","0.0","0.0","0.0","WXPOD8270","  38.3","24","  35.4","15","1013.6"," 6","999.9"," 0","  7.9","24","  2.2","24"," 15.0"," 22.9","  45.0"," ","  26.6","*"," 0.14","G","999.9","011000"
"00826099999","2008-01-25","0.0","0.0","0.0","WXPOD8270","  36.0","24","  27.5","19","1016.1"," 7","999.9"," 0","  9.2","24","  7.2","24"," 22.9"," 30.9","  54.0"," ","  12.2","*"," 0.11","G","999.9","011000"
"00826099999","2008-01-26","0.0","0.0","0.0","WXPOD8270","  50.9","22","  41.6","12","9999.9"," 0","999.9"," 0","  7.3","22","  2.9","22"," 12.0"," 15.0","  57.9"," ","  30.2","*"," 0.93","G","999.9","110000"
"00826099999","2008-01-27","0.0","0.0","0.0","WXPOD8270","  40.7","23","  37.4","22","1013.0"," 4","999.9"," 0","  4.1","23","  7.6","23"," 30.9"," 40.0","  61.0"," ","  28.4","*"," 0.00","G","999.9","111000"
"00826099999","2008-01-28","0.0","0.0","0.0","WXPOD8270","  35.8","23","  30.4","21","1011.2"," 7","999.9"," 0","  7.2","23"," 10.8","23"," 34.0"," 47.0","  53.1"," ","  23.0","*"," 0.62","G","  9.1","111000"
"00826099999","2008-01-29","0.0","0.0","0.0","WXPOD8270","  40.6","24","  34.6","21","9999.9"," 0","999.9"," 0","  9.9","24","  7.8","24"," 35.0"," 52.1","  53.6","*","  23.0","*"," 0.00","G","  7.1","011010"
"00826099999","2008-01-30","0.0","0.0","0.0","WXPOD8270","  45.3","24","  37.7","24","1024.1"," 9","999.9"," 0","  9.1","24","  7.2","24"," 27.0"," 37.9","  53.6","*","  30.2","*"," 0.05","G","  1.2","010000"
"00826099999","2008-01-31","0.0","0.0","0.0","WXPOD8270","  38.0","23","  31.2","14","1026.0","13","999.9"," 0","  9.6","23","  6.4","23"," 16.9"," 26.0","  52.0"," ","  24.1"," "," 0.01","G","999.9","111000"
"00826099999","2008-02-01","0.0","0.0","0.0","WXPOD8270","  33.9","24","  30.2","24","1022.9","10","999.9"," 0","  5.6","24","  8.0","24"," 16.9"," 23.9","  52.0"," ","  19.4","*"," 0.22","G","999.9","111000"
"00826099999","2008-02-02","0.0","0.0","0.0","WXPOD8270","  41.2","24","  36.6","24","1019.8","21","999.9"," 0","  8.2","24","  7.1","24"," 23.9"," 29.9","  51.8","*","  17.1"," "," 0.65","G","999.9","110000"
"00826099999","2008-02-03","0.0","0.0","0.0","WXPOD8270","  45.7","24","  43.2","18","9999.9"," 0","999.9"," 0","  9.5","24","  8.3","24"," 16.9"," 25.1","  54.0"," ","  28.4","*"," 0.23","G","999.9","010000"
"00826099999","2008-02-04","0.0","0.0","0.0","WXPOD8270","  44.1","22","  37.4","14","1017.1","11","999.9"," 0","  8.1","22","  5.5","22"," 16.9"," 21.0","  53.6","*","  33.1"," "," 0.05","G","999.9","110000"
"00826099999","2008-02-05","0.0","0.0","0.0","WXPOD8270","  41.4","24","  33.5","13","1024.4","14","999.9"," 0","  8.4","24","  3.8","24"," 30.9"," 39.0","  55.4","*","  32.0"," "," 0.24","G","999.9","010010"
"00826099999","2008-02-06","0.0","0.0","0.0","WXPOD8270","  44.1","24","  39.7","23","9999.9"," 0","999.9"," 0","  6.0","24","  6.5","24"," 23.9"," 29.9","  57.9"," ","  33.1"," "," 0.22","G","999.9","110010"
"00826099999","2008-02-07","0.0","0.0","0.0","WXPOD8270","  37.9","24","  36.4","23","1008.3"," 7","999.9"," 0","  7.0","24","  7.3","24"," 18.1"," 22.0","  57.0"," ","  30.2","*"," 0.32","G","999.9","011010"
"00826099999","2008-02-08","0.0","0.0","0.0","WXPOD8270","  37.8","24","  33.4","18","1013.2","12","999.9"," 0","  8.8","24","  2.8","24"," 13.0","999.9","  50.0"," ","  30.2","*"," 0.01","G","999.9","010000"
"00826099999","2008-02-09","0.0","0.0","0.0","WXPOD8270","  36.7","24","  28.9","22","1018.6"," 7","999.9"," 0","  9.4","24","  5.0","24"," 13.0","999.9","  48.0"," ","  26.6","*"," 0.00","G","999.9","000000"
"00826099999","2008-02-10","0.0","0.0","0.0","WXPOD8270","  39.4","19","  32.0","14","1019.5"," 8","999.9"," 0","  9.3","19","  6.5","19"," 21.0"," 28.0","  64.9"," ","  30.2","*"," 0.06","G","999.9","011000"
"00826099999","2008-02-11","0.0","0.0","0.0","WXPOD8270","  37.7","23","  17.5","13","1019.6","10","999.9"," 0","  7.1","23","  7.3","23"," 27.0"," 40.0","  59.0"," ","  19.4","*"," 0.10","G","  1.2","111010"
"00826099999","2008-02-12","0.0","0.0","0.0","WXPOD8270","  35.1","24","  28.9","21","1019.2"," 6","999.9"," 0","  7.6","24","  8.5","24"," 20.0"," 23.9","9999.9"," ","  19.4","*"," 0.38","G","999.9","111010"
"00826099999","2008-02-13","0.0","0.0","0.0","WXPOD8270","  40.1","24","  33.1","21","1015.4","15","999.9"," 0","  7.2","24","  7.5","24"," 26.0"," 33.0","  66.0"," ","  21.2","*"," 0.21","G","  1.2","011000"
"00826099999","2008-02-14","0.0","0.0","0.0","WXPOD8270","  39.6","24","  29.1","22","1011.9","10","999.9"," 0","  9.6","24","  9.8","24"," 22.9"," 35.9","  60.8","*","  21.9"," "," 1.99","G","999.9","010000"
"00826099999","2008-02-15","0.0","0.0","0.0","WXPOD8270","  39.6","24","  29.6","24","1017.9","17","999.9"," 0","  8.8","24","  5.3","24"," 22.0"," 33.0","  61.0"," ","  26.6","*"," 0.00","G","999.9","010000"
"00826099999","2008-02-16","0.0","0.0","0.0","WXPOD8270","  38.6","24","  33.3","20","1022.2"," 5","999.9"," 0","  5.4","24","  5.7","24"," 15.9"," 25.1","  48.0"," ","  26.6","*","99.99"," ","999.9","110010"
"00826099999","2008-02-17","0.0","0.0","0.0","WXPOD8270","  42.1","23","  37.7","19","1023.2"," 4","999.9"," 0","  6.6","23","  6.9","23"," 25.1"," 35.9","  64.0"," ","  28.4","*"," 0.51","G","999.9","010000"
"00826099999","2008-02-18","0.0","0.0","0.0","WXPOD8270","  45.3","24","  40.9","22","1013.1"," 4","999.9"," 0","  7.8","24","  9.1","24"," 25.1"," 33.0","  60.1"," ","  37.4","*"," 0.07","G","999.9","010000"
"00826099999","2008-02-19","0.0","0.0","0.0","WXPOD8270","  47.5","24","  43.7","20","1016.0","14","999.9"," 0","  9.9","24","  9.6","24"," 28.0"," 33.0","  57.0"," ","  33.1"," "," 1.18","G","999.9","010000"
"00826099999","2008-02-20","0.0","0.0","0.0","WXPOD8270","  48.0","24","  46.6","15","1016.8","17","999.9"," 0","  9.6","24","  3.8","24"," 16.9"," 22.0","  66.2","*","  26.6","*"," 0.53","G","999.9","010000"
"00826099999","2008-02-21","0.0","0.0","0.0","WXPOD8270","  41.7","22","  38.8","20","1015.1","11","999.9"," 0","  8.1","22","  5.8","22"," 14.0"," 20.0","  66.2","*","  23.0","*"," 0.01","G","999.9","111000"
"00826099999","2008-02-22","0.0","0.0","0.0","WXPOD8270","  31.9","24","  29.9","21","1014.0"," 6","999.9"," 0","  5.6","24","  8.0","24"," 12.0","999.9","  41.0","*","  19.4","*"," 0.03","G","  2.0","111000"
"00826099999","2008-02-23","0.0","0.0","0.0","WXPOD8270","  30.4","24","  29.0","17","1012.4","11","999.9"," 0","  8.3","24","  7.3","24"," 18.1"," 22.0","  42.8","*","  26.6","*"," 0.48","G","  1.2","011000"
"00826099999","2008-02-24","0.0","0.0","0.0","WXPOD8270","  33.4","24","  29.5","16","1016.9","10","999.9"," 0","  7.6","24","  4.3","24"," 22.9"," 28.9","  53.1"," ","  21.2","*"," 0.24","G","  1.2","011000"
"00826099999","2008-02-25","0.0","0.0","0.0","WXPOD8270","  42.7","24","  42.1","17","1011.8"," 6","999.9"," 0","  9.0","24","  3.9","24"," 14.0"," 21.0","  55.4","*","  26.6","*"," 0.42","G","999.9","000010"
"00826099999","2008-02-26","0.0","0.0","0.0","WXPOD8270","  44.1","23","  38.9","23","1005.0"," 5","999.9"," 0","  7.6","23","  5.3","23"," 19.0"," 28.9","  57.2","*","  28.4","*"," 0.01","G","999.9","111000"
"00826099999","2008-02-27","0.0","0.0","0.0","WXPOD8270","  41.3","24","  40.4","20","1019.4","12","999.9"," 0","  8.6","24","  6.1","24"," 28.9"," 34.0","  52.0"," ","  30.2","*"," 0.88","G","999.9","111000"
"00826099999","2008-02-28","0.0","0.0","0.0","WXPOD8270","  24.7","24","  15.5","22","1013.9"," 8","999.9"," 0","  9.4","24","  7.6","24"," 15.0","999.9","  34.0","*","  19.4","*"," 0.00","G","999.9","011000"
"00826099999","2008-02-29","0.0","0.0","0.0","WXPOD8270","  49.2","24","  42.0","24","1017.1"," 8","999.9"," 0","  8.1","24","  5.7","24","999.9","999.9","  68.0"," ","  21.2","*"," 0.01","G","999.9","100000"
"00826099999","2008-03-01","0.0","0.0","0.0","WXPOD8270","  42.6","23","  37.9","22","1013.6","13","999.9"," 0","  7.4","23","  8.2","23"," 20.0"," 23.9","  68.0"," ","  32.0","*"," 0.14","G","999.9","011000"
"00826099999","2008-03-02","0.0","0.0","0.0","WXPOD8270","  49.2","24","  28.9","24","1016.5","12","999.9"," 0"," 10.0","24","  8.9","24"," 22.0"," 27.0","  66.9"," ","  32.0","*"," 0.43","G","999.9","000000"
"00826099999","2008-03-03","0.0","0.0","0.0","WXPOD8270","  48.2","24","  31.6","14","1023.2","12","999.9"," 0","  7.7","24"," 10.0","24"," 26.0"," 32.1","  70.0"," ","  35.6","*"," 1.03","G","999.9","010010"
"00826099999","2008-03-04","0.0","0.0","0.0","WXPOD8270","  42.1","23","  35.2","20","1015.7"," 7","999.9"," 0","  7.3","23","  9.1","23"," 26.0"," 30.9","  57.9"," ","  30.2","*"," 0.23","G","999.9","111000"
"00826099999","2008-03-05","0.0","0.0","0.0","WXPOD8270","  45.8","24","  38.0","17","1016.5","10","999.9"," 0","  8.1","24","  6.8","24"," 28.0"," 34.0","  64.4","*","  30.2","*"," 0.05","G","999.9","010000"
"00826099999","2008-03-06","0.0","0.0","0.0","WXPOD8270","  40.5","24","  33.1","24","1020.3","16","999.9"," 0","  8.9","24","  5.3","24"," 15.9"," 21.0","  51.1"," ","  30.2","*"," 0.00","G","999.9","011000"
"00826099999","2008-03-07","0.0","0.0","0.0","WXPOD8270","  35.0","24","  30.1","22","1022.8"," 6","999.9"," 0","  7.0","24"," 11.4","24"," 23.9"," 35.9","  55.4","*","  23.0","*"," 0.01","G","999.9","101000"
"00826099999","2008-03-08","0.0","0.0","0.0","WXPOD8270","  44.5","23","  42.3","19","1019.8"," 9","999.9"," 0","  6.0","23","  9.5","23"," 25.1"," 35.0","  68.0","*","  28.4","*"," 0.40","G","999.9","111000"
"00826099999","2008-03-09","0.0","0.0","0.0","WXPOD8270","  48.0","24","  39.6","18","1018.3","17","999.9"," 0"," 10.8","24","  7.6","24"," 34.0"," 49.0","  69.1"," ","  33.8","*"," 1.59","G","999.9","010000"
"00826099999","2008-03-10","0.0","0.0","0.0","WXPOD8270","  50.7","21","  43.5","15","1021.8","11","999.9"," 0","  9.7","21","  4.2","21"," 18.1"," 22.9","  69.8","*","  32.0","*"," 0.01","G","999.9","010010"
"00826099999","2008-03-11","0.0","0.0","0.0","WXPOD8270","  43.3","19","  31.1","11","1019.6"," 9","999.9"," 0","  9.1","19","  5.3","19"," 13.0","999.9","  60.1"," ","  26.1"," "," 0.00","G","999.9","100000"
"00826099999","2008-03-12","0.0","0.0","0.0","WXPOD8270","  45.2","24","  38.7","23","1009.0"," 7","999.9"," 0","  8.9","24","  8.6","24"," 16.9"," 25.1","  68.0"," ","  32.0","*"," 0.09","A","999.9","011000"
"00826099999","2008-03-13","0.0","0.0","0.0","WXPOD8270","  57.4","23","  48.5","21","1014.9","15","999.9"," 0"," 10.0","23","  8.9","23"," 16.9"," 22.9","  73.4","*","  37.4","*"," 0.06","A","999.9","000000"
"00826099999","2008-03-14","0.0","0.0","0.0","WXPOD8270","  52.6","24","  43.9","24","9999.9"," 0","999.9"," 0","  9.7","24","  6.3","24"," 18.1"," 25.1","  73.0"," ","  35.6","*"," 0.06","A","999.9","010000"
"00826099999","2008-03-15","0.0","0.0","0.0","WXPOD8270","  43.6","23","  39.9","23","1006.1","13","999.9"," 0","  7.8","23"," 10.6","23"," 21.0"," 28.9","  55.4","*","  35.6","*"," 0.38","C","999.9","110000"
"00826099999","2008-03-16","0.0","0.0","0.0","WXPOD8270","  40.7","24","  34.1","24","1012.3","10","999.9"," 0","  8.0","24","  8.3","24"," 16.9"," 23.9","  54.0"," ","  33.8","*"," 0.04","A","999.9","010010"
"00826099999","2008-03-17","0.0","0.0","0.0","WXPOD8270","  41.6","22","  27.7","22","1020.9","12","999.9"," 0"," 11.4","22","  6.6","22"," 22.9"," 32.1","  63.0"," ","  28.4","*"," 0.00","B","999.9","010000"
"00826099999","2008-03-18","0.0","0.0","0.0","WXPOD8270","  57.8","24","  50.7","15","1020.8"," 6","999.9"," 0","  5.4","24","  7.8","24"," 21.0"," 28.0","  72.0"," ","  32.0","*"," 3.74","G","999.9","010010"
"00826099999","2008-03-19","0.0","0.0","0.0","WXPOD8270","  47.8","24","  44.8","24","1019.2"," 7","999.9"," 0","  6.0","24"," 12.5","24"," 22.9"," 34.0","  69.1"," ","  32.0","*","99.99"," ","999.9","011000"
"00826099999","2008-03-20","0.0","0.0","0.0","WXPOD8270","  46.7","24","  40.1","24","1020.6"," 9","999.9"," 0","  7.7","24","  9.3","24"," 22.0"," 32.1","  63.0"," ","  39.2","*"," 0.86","G","999.9","110000"
"00826099999","2008-03-21","0.0","0.0","0.0","WXPOD8270","  45.1","23","  37.1","16","1006.5"," 7","999.9"," 0"," 11.5","23","  9.6","23"," 27.0"," 39.0","  69.1"," ","  32.0","*"," 0.04","G","999.9","000000"
"00826099999","2008-03-22","0.0","0.0","0.0","WXPOD8270","  47.3","24","  36.8","18","1008.1"," 8","999.9"," 0"," 11.7","24","  6.3","24"," 21.0"," 28.9","  75.0"," ","  33.8","*"," 0.00","G","999.9","000000"
"00826099999","2008-03-23","0.0","0.0","0.0","WXPOD8270","  43.8","24","  38.6","14","1019.2","20","999.9"," 0"," 12.1","24","  3.8","24"," 18.1"," 22.9","  60.8","*","  32.0","*"," 0.00","I","999.9","000000"
"00826099999","2008-03-24","0.0","0.0","0.0","WXPOD8270","  38.2","24","  26.0","15","1020.8","10","999.9"," 0"," 11.7","24","  4.1","24"," 12.0"," 14.0","  55.0"," ","  23.0","*"," 0.00","I","999.9","000000"
"00826099999","2008-03-25","0.0","0.0","0.0","WXPOD8270","  35.0","24","  23.8","24","1023.1","14","999.9"," 0"," 13.5","24","  8.7","24"," 16.9"," 22.9","  42.8","*","  30.2","*"," 0.00","I","999.9","000000"
"00826099999","2008-03-26","0.0","0.0","0.0","WXPOD8270","  49.3","24","  37.9","24","1023.2","24","999.9"," 0"," 10.8","24","  8.2","24"," 22.0"," 28.9","  66.0"," ","  32.0","*"," 0.00","C","999.9","010000"
"00826099999","2008-03-27","0.0","0.0","0.0","WXPOD8270","  49.9","24","  36.2","23","1024.3","23","999.9"," 0"," 10.0","24","  5.2","24"," 23.9"," 30.9","  62.6","*","  32.0","*"," 0.00","I","999.9","000000"
"00826099999","2008-03-28","0.0","0.0","0.0","WXPOD8270","  46.2","23","  37.0","22","1015.9","10","999.9"," 0","  8.8","23","  8.7","23"," 39.0"," 69.0","  64.4","*","  35.6","*"," 0.96","G","999.9","010010"
"00826099999","2008-03-29","0.0","0.0","0.0","WXPOD8270","  49.9","24","  41.3","23","9999.9"," 0","999.9"," 0","  8.9","24","  6.2","24"," 16.9"," 23.9","  62.1"," ","  32.0","*"," 0.06","G","999.9","010000"
"00826099999","2008-03-30","0.0","0.0","0.0","WXPOD8270","  51.9","22","  40.9","18","1015.7"," 9","999.9"," 0","  8.2","22","  6.3","22"," 16.9"," 21.0","  62.6","*","  35.6","*"," 0.01","G","999.9","110010"
"00826099999","2008-03-31","0.0","0.0","0.0","WXPOD8270","  50.7","22","  36.4","12","1024.3"," 8","999.9"," 0","  7.3","22","  7.5","22"," 16.9"," 23.9","  69.8","*","  39.2","*"," 0.00","G","999.9","010010"
"00826099999","2008-04-01","0.0","0.0","0.0","WXPOD8270","  55.5","24","  43.9","13","1017.2","11","999.9"," 0","  8.1","24"," 10.3","24"," 28.0"," 36.9","  73.0"," ","  44.6","*"," 0.14","G","999.9","110010"
"00826099999","2008-04-02","0.0","0.0","0.0","WXPOD8270","  52.7","24","  40.6","22","1015.2","18","999.9"," 0","  9.5","24","  4.4","24"," 23.9"," 35.0","  66.0"," ","  39.2","*"," 0.46","G","999.9","010000"
"00826099999","2008-04-03","0.0","0.0","0.0","WXPOD8270","  50.7","23","  41.4","14","1019.9"," 9","999.9"," 0","  9.2","23","  7.3","23"," 18.1"," 23.9","  66.2","*","  35.6","*"," 0.09","G","999.9","010010"
"00826099999","2008-04-04","0.0","0.0","0.0","WXPOD8270","  53.4","23","  48.1","18","9999.9"," 0","999.9"," 0","  5.7","23","  9.1","23"," 20.0"," 27.0","  70.0"," ","  41.0","*"," 0.29","G","999.9","110010"
"00826099999","2008-04-05","0.0","0.0","0.0","WXPOD8270","  45.0","24","  39.1","24","1015.9","15","999.9"," 0","  6.4","24","  4.2","24"," 14.0"," 16.9","  66.0"," ","  35.1"," "," 0.75","G","999.9","110000"
"00826099999","2008-04-06","0.0","0.0","0.0","WXPOD8270","  46.7","23","  39.2","22","1015.7","14","999.9"," 0","  8.7","23","  9.3","23"," 16.9"," 22.9","  61.0"," ","  35.6","*"," 0.00","G","999.9","010000"
"00826099999","2008-04-07","0.0","0.0","0.0","WXPOD8270","  43.4","24","  37.1","24","1023.4","18","999.9"," 0","  8.4","24","  8.9","24"," 18.1"," 26.0","  59.0"," ","  35.6","*"," 0.00","B","999.9","010000"
"00826099999","2008-04-08","0.0","0.0","0.0","WXPOD8270","  48.1","24","  36.3","22","1019.3","21","999.9"," 0"," 10.7","24","  9.5","24"," 22.9"," 28.9","  66.2","*","  35.6","*","99.99"," ","999.9","010000"
"00826099999","2008-04-09","0.0","0.0","0.0","WXPOD8270","  55.2","24","  42.3","20","1014.6","10","999.9"," 0","  9.7","24","  7.7","24"," 18.1"," 20.0","  75.0"," ","  35.6","*"," 0.23","G","999.9","010010"
"00826099999","2008-04-10","0.0","0.0","0.0","WXPOD8270","  57.9","23","  49.2","16","1017.6"," 7","999.9"," 0","  6.8","23","  9.7","23"," 33.0"," 49.9","  75.2","*","  43.0","*"," 0.20","G","999.9","110010"
"00826099999","2008-04-11","0.0","0.0","0.0","WXPOD8270","  53.9","24","  40.6","19","1018.9","11","999.9"," 0","  9.6","24","  6.8","24"," 19.0"," 29.9","  75.0"," ","  42.1","*"," 1.16","G","999.9","010010"
"00826099999","2008-04-12","0.0","0.0","0.0","WXPOD8270","  52.1","24","  45.2","23","1015.7"," 8","999.9"," 0","  6.7","24","  7.1","24"," 18.1"," 26.0","  80.1"," ","  44.1"," "," 0.27","G","999.9","110010"
"00826099999","2008-04-13","0.0","0.0","0.0","WXPOD8270","  44.8","24","  39.5","17","1016.1","10","999.9"," 0","  9.6","24","  7.5","24"," 14.0"," 20.0","  64.9"," ","  37.4","*"," 0.22","G","999.9","110000"
"00826099999","2008-04-14","0.0","0.0","0.0","WXPOD8270","  44.3","24","  33.2","19","1014.3","11","999.9"," 0"," 11.5","24","  6.6","24"," 16.9"," 28.0","  60.1"," ","  32.0","*"," 0.02","G","999.9","010000"
"00826099999","2008-04-15","0.0","0.0","0.0","WXPOD8270","  47.5","24","  32.5","24","1019.5","22","999.9"," 0"," 10.6","24","  5.9","24"," 21.0"," 25.1","  64.9"," ","  33.8","*"," 0.00","G","999.9","000000"
"00826099999","2008-04-16","0.0","0.0","0.0","WXPOD8270","  52.3","24","  33.2","23","1019.4","18","999.9"," 0"," 10.6","24","  5.5","24"," 18.1"," 22.0","  72.0"," ","  39.9"," "," 0.00","I","999.9","000000"
"00826099999","2008-04-17","0.0","0.0","0.0","WXPOD8270","  60.1","22","  41.3","13","1017.3","17","999.9"," 0"," 10.7","22","  8.6","22"," 22.0"," 27.0","  82.0"," ","  44.1"," "," 0.00","I","999.9","000000"
"00826099999","2008-04-18","0.0","0.0","0.0","WXPOD8270","  59.5","23","  45.0","22","1014.5","17","999.9"," 0","  9.8","23","  7.9","23"," 22.0"," 33.0","  81.0"," ","  44.1","*"," 1.02","C","999.9","010010"
"00826099999","2008-04-19","0.0","0.0","0.0","WXPOD8270","  52.0","24","  39.3","22","1010.4","20","999.9"," 0"," 10.0","24","  9.5","24"," 20.0"," 28.0","  71.1"," ","  35.6","*"," 0.01","A","999.9","010000"
"00826099999","2008-04-20","0.0","0.0","0.0","WXPOD8270","  48.0","24","  32.4","14","1019.0","20","999.9"," 0"," 10.0","24","  8.9","24"," 20.0"," 32.1","  66.2","*","  39.2","*"," 0.00","I","999.9","000000"
"00826099999","2008-04-21","0.0","0.0","0.0","WXPOD8270","  50.5","24","  36.5","23","1020.8","19","999.9"," 0"," 10.1","24","  7.9","24"," 14.0"," 23.9","  61.0"," ","  39.2","*"," 0.00","I","999.9","000000"
"00826099999","2008-04-22","0.0","0.0","0.0","WXPOD8270","  55.9","24","  39.1","17","1016.9","16","999.9"," 0","  9.6","24","  6.3","24"," 15.0"," 23.9","  73.4","*","  37.4","*"," 0.10","A","999.9","110010"
"00826099999","2008-04-23","0.0","0.0","0.0","WXPOD8270","  57.4","24","  47.4","24","1016.7","18","999.9"," 0","  8.1","24","  6.9","24"," 15.0"," 22.0","  78.8","*","  42.8","*"," 0.05","A","999.9","110000"
"00826099999","2008-04-24","0.0","0.0","0.0","WXPOD8270","  59.5","23","  36.2","15","1015.5"," 7","999.9"," 0","  9.6","23","  5.3","23"," 27.0"," 36.9","  73.9"," ","  36.0"," "," 0.00","B","999.9","010010"
"00826099999","2008-04-25","0.0","0.0","0.0","WXPOD8270","  58.6","24","  36.8","19","1022.6","17","999.9"," 0"," 10.0","24","  4.6","24"," 18.1"," 30.9","  79.0"," ","  35.6","*"," 0.03","G","999.9","010010"
"00826099999","2008-04-26","0.0","0.0","0.0","WXPOD8270","  56.9","23","  41.1","13","1020.3","16","999.9"," 0"," 11.0","23","  7.9","23"," 16.9"," 22.9","  78.1"," ","  41.0","*"," 0.00","G","999.9","010010"
"00826099999","2008-04-27","0.0","0.0","0.0","WXPOD8270","  56.8","24","  44.1","20","1018.9","11","999.9"," 0","  9.3","24","  5.9","24"," 16.9"," 22.0","  86.0"," ","  43.0","*"," 0.01","G","999.9","010010"
"00826099999","2008-04-28","0.0","0.0","0.0","WXPOD8270","  47.7","24","  42.4","24","1017.2","10","999.9"," 0","  8.3","24","  7.5","24"," 18.1"," 22.9","  69.1"," ","  37.4","*"," 0.01","G","999.9","010000"
"00826099999","2008-04-29","0.0","0.0","0.0","WXPOD8270","  55.3","24","  46.2","23","1014.3","16","999.9"," 0","  7.3","24"," 10.1","24"," 16.9"," 27.0","  78.1"," ","  42.8","*"," 2.02","G","999.9","110000"
"00826099999","2008-04-30","0.0","0.0","0.0","WXPOD8270","  51.3","24","  34.6","24","1016.9","19","999.9"," 0"," 10.8","24","  7.6","24"," 15.9"," 23.9","  66.9"," ","  39.2","*"," 0.41","G","999.9","000000"
"00826099999","2008-05-01","0.0","0.0","0.0","WXPOD8270","  55.6","24","  34.3","20","1017.6","18","999.9"," 0"," 10.8","24","  6.8","24"," 25.1"," 29.9","  73.9"," ","  37.4","*"," 0.00","G","999.9","000000"
"00826099999","2008-05-02","0.0","0.0","0.0","WXPOD8270","  62.0","22","  41.2","16","1015.5","14","999.9"," 0","  8.6","22","  8.5","22"," 28.0"," 37.9","  75.2","*","  44.6","*"," 0.07","G","999.9","110010"
"00826099999","2008-05-03","0.0","0.0","0.0","WXPOD8270","  50.4","24","  42.6","24","1017.2","10","999.9"," 0","  9.8","24","  6.8","24"," 15.0"," 21.0","  75.2","*","  42.8","*"," 0.03","G","999.9","010000"
"00826099999","2008-05-04","0.0","0.0","0.0","WXPOD8270","  52.0","24","  46.1","24","1017.4"," 7","999.9"," 0","  7.0","24","  7.1","24"," 19.0"," 25.1","  73.9"," ","  41.0","*"," 0.03","G","999.9","110000"
"00826099999","2008-05-05","0.0","0.0","0.0","WXPOD8270","  57.0","24","  45.6","24","1018.1"," 5","999.9"," 0","  9.1","24","  7.1","24"," 15.9"," 20.0","  75.9"," ","  41.0","*"," 0.32","G","999.9","100000"
"00826099999","2008-05-06","0.0","0.0","0.0","WXPOD8270","  61.2","24","  48.6","20","1013.1","15","999.9"," 0","  9.0","24","  7.3","24"," 15.0"," 19.0","  81.0"," ","  41.0","*"," 0.01","G","999.9","010010"
"00826099999","2008-05-07","0.0","0.0","0.0","WXPOD8270","  64.2","24","  45.0","21","1013.1","20","999.9"," 0","  9.7","24","  7.5","24"," 16.9"," 27.0","  81.0"," ","  48.2","*"," 0.51","G","999.9","010010"
"00826099999","2008-05-08","0.0","0.0","0.0","WXPOD8270","  61.5","24","  52.6","14","9999.9"," 0","999.9"," 0","  6.4","24","  7.9","24"," 16.9"," 21.0","  72.0"," ","  50.0"," "," 0.04","G","999.9","010000"
"00826099999","2008-05-09","0.0","0.0","0.0","WXPOD8270","  54.2","24","  45.4","24","1010.9"," 9","999.9"," 0","  8.5","24"," 11.6","24"," 20.0"," 25.1","  73.0"," ","  44.6","*"," 0.25","G","999.9","010010"
"00826099999","2008-05-10","0.0","0.0","0.0","WXPOD8270","  53.6","23","  47.3","23","1009.0","15","999.9"," 0","  8.3","23","  9.4","23"," 25.1"," 36.9","  73.9"," ","  44.6","*"," 0.80","G","999.9","010010"
"00826099999","2008-05-11","0.0","0.0","0.0","WXPOD8270","  56.6","24","  46.0","20","1012.2","19","999.9"," 0"," 10.2","24"," 11.3","24"," 27.0"," 35.0","  80.1"," ","  46.4","*"," 0.03","G","999.9","010000"
"00826099999","2008-05-12","0.0","0.0","0.0","WXPOD8270","  49.0","24","  40.4","24","1010.3","22","999.9"," 0"," 10.2","24","  9.0","24"," 22.0"," 28.0","  72.0"," ","  42.8","*"," 0.00","G","999.9","000000"
"00826099999","2008-05-13","0.0","0.0","0.0","WXPOD8270","  58.2","22","  44.4","19","1013.2","13","999.9"," 0","  9.8","22","  4.3","22"," 34.0"," 40.0","  82.4","*","  44.1","*","99.99"," ","999.9","010010"
"00826099999","2008-05-14","0.0","0.0","0.0","WXPOD8270","  67.1","23","  42.8"," 8","1015.1","13","999.9"," 0"," 10.0","23","  5.1","23"," 19.0"," 26.0","  87.1"," ","  53.6","*"," 0.03","G","999.9","010010"
"00826099999","2008-05-15","0.0","0.0","0.0","WXPOD8270","  63.6","24","  55.2","16","1011.8","11","999.9"," 0","  8.1","24","  7.6","24"," 16.9"," 25.1","  73.4","*","  53.1","*"," 1.54","G","999.9","010010"
"00826099999","2008-05-16","0.0","0.0","0.0","WXPOD8270","  56.0","24","  48.2","24","1012.3"," 4","999.9"," 0"," 10.2","24","  6.8","24"," 15.0"," 16.9","  68.0"," ","  48.0","*"," 0.38","G","999.9","010000"
"00826099999","2008-05-17","0.0","0.0","0.0","WXPOD8270","  55.9","23","  46.4","23","1008.5","12","999.9"," 0"," 10.7","23","  7.6","23"," 18.1"," 27.0","  69.8","*","  44.6","*"," 1.00","G","999.9","010000"
"00826099999","2008-05-18","0.0","0.0","0.0","WXPOD8270","  60.1","24","  49.8","24"," 998.7","18","999.9"," 0"," 11.9","24","  7.8","24"," 15.9"," 21.0","  75.0"," ","  50.0","*"," 0.07","G","999.9","010000"
"00826099999","2008-05-19","0.0","0.0","0.0","WXPOD8270","  57.0","24","  47.7","20","1009.4","13","999.9"," 0"," 10.6","24","  8.4","24"," 22.0"," 30.9","  69.8","*","  46.9"," "," 0.01","G","999.9","010000"
"00826099999","2008-05-20","0.0","0.0","0.0","WXPOD8270","  55.1","24","  48.3","20"," 998.2","10","999.9"," 0"," 10.0","24","  7.7","24"," 19.0"," 25.1","  82.9"," ","  46.4","*"," 0.00","G","999.9","010000"
"00826099999","2008-05-21","0.0","0.0","0.0","WXPOD8270","  66.1","24","  44.1","21","9999.9"," 0","999.9"," 0","  9.4","24","  9.6","24"," 19.0"," 26.0","  88.0"," ","  46.4","*"," 0.42","G","999.9","010000"
"00826099999","2008-05-22","0.0","0.0","0.0","WXPOD8270","  65.2","24","  42.3","15","1001.8","12","999.9"," 0"," 10.0","24"," 11.7","24"," 22.0"," 30.9","  80.1"," ","  48.2","*"," 0.00","G","999.9","010010"
"00826099999","2008-05-23","0.0","0.0","0.0","WXPOD8270","  62.0","24","  42.6","21","9999.9"," 0","999.9"," 0","  9.9","24","  7.7","24"," 21.0"," 22.9","  79.0"," ","  46.4","*","99.99"," ","999.9","010000"
"00826099999","2008-05-24","0.0","0.0","0.0","WXPOD8270","  59.7","24","  46.0","24","1011.4","19","999.9"," 0"," 10.2","24","  9.1","24"," 15.9"," 21.0","  69.1"," ","  50.0","*"," 0.00","B","999.9","010000"
"00826099999","2008-05-25","0.0","0.0","0.0","WXPOD8270","  59.0","24","  45.8","24","1012.5","21","999.9"," 0"," 10.2","24","  5.2","24"," 15.9"," 18.1","  71.1"," ","  44.6","*"," 0.06","G","999.9","000000"
"00826099999","2008-05-26","0.0","0.0","0.0","WXPOD8270","  61.3","24","  52.2","16","1013.0","17","999.9"," 0"," 10.2","24","  9.2","24"," 22.0"," 28.0","  75.2","*","  50.0","*"," 1.76","G","999.9","010010"
"00826099999","2008-05-27","0.0","0.0","0.0","WXPOD8270","  64.0","24","  54.1","11","1013.4","14","999.9"," 0","  8.2","24","  6.7","24"," 20.0"," 28.0","  78.8","*","  53.1"," "," 0.09","G","999.9","110010"
"00826099999","2008-05-28","0.0","0.0","0.0","WXPOD8270","  59.1","24","  47.7","23","1015.1","19","999.9"," 0","  9.1","24","  7.4","24"," 19.0"," 26.0","  71.6","*","  48.0"," "," 0.03","G","999.9","010000"
"00826099999","2008-05-29","0.0","0.0","0.0","WXPOD8270","  61.5","23","  46.3","19","1018.3","22","999.9"," 0","  9.7","23","  5.7","23"," 21.0"," 28.9","  78.8","*","  44.6","*"," 0.00","G","999.9","100000"
"00826099999","2008-05-30","0.0","0.0","0.0","WXPOD8270","  62.1","24","  46.9","23","1016.6","23","999.9"," 0"," 10.0","24","  7.5","24"," 14.0"," 18.1","  77.0"," ","  50.0","*"," 0.00","I","999.9","000000"
"00826099999","2008-05-31","0.0","0.0","0.0","WXPOD8270","  58.5","24","  47.8","23","1016.8","23","999.9"," 0","  9.6","24"," 12.7","24"," 21.0"," 28.9","  73.0"," ","  53.1"," "," 0.21","G","999.9","010010"
"00826099999","2008-06-01","0.0","0.0","0.0","WXPOD8270","  60.8","24","  52.2","18","1016.0","17","999.9"," 0","  7.8","24"," 12.3","24"," 18.1"," 28.9","  73.4","*","  51.8","*"," 0.02","G","999.9","110000"
"00826099999","2008-06-02","0.0","0.0","0.0","WXPOD8270","  66.7","24","  47.2","16","1012.2"," 7","999.9"," 0","  9.0","24","  6.5","24"," 18.1"," 22.0","  84.9"," ","  51.1"," "," 0.01","G","999.9","110000"
"00826099999","2008-06-03","0.0","0.0","0.0","WXPOD8270","  64.2","24","  48.0","24","1013.8","20","999.9"," 0"," 10.0","24"," 11.3","24"," 18.1"," 25.1","  78.8","*","  51.8","*"," 0.00","G","999.9","000000"
"00826099999","2008-06-04","0.0","0.0","0.0","WXPOD8270","  59.4","24","  51.1","20","1010.6","19","999.9"," 0","  7.2","24","  8.2","24"," 20.0"," 27.0","  78.1"," ","  55.0"," "," 0.70","C","999.9","110010"
"00826099999","2008-06-05","0.0","0.0","0.0","WXPOD8270","  59.8","24","  49.1","19","1010.2","13","999.9"," 0","  6.0","24","  8.0","24"," 26.0"," 34.0","  82.9"," ","  51.8","*"," 0.07","D","999.9","110000"
"00826099999","2008-06-06","0.0","0.0","0.0","WXPOD8270","  63.9","22","  47.3","21","1012.3","12","999.9"," 0","  8.9","22","  7.6","22"," 28.0"," 33.0","  82.4","*","  50.0","*"," 0.05","D","999.9","010000"
"00826099999","2008-06-07","0.0","0.0","0.0","WXPOD8270","  65.5","24","  45.8","14","1011.6"," 9","999.9"," 0","  8.6","24","  6.1","24"," 21.0"," 25.1","  91.9"," ","  50.0"," "," 0.00","I","999.9","100000"
"00826099999","2008-06-08","0.0","0.0","0.0","WXPOD8270","  76.0","21","  66.5"," 6","1011.6","21","999.9"," 0","  9.1","21","  5.0","21"," 19.0"," 26.0","  93.0"," ","  54.0"," "," 0.00","I","999.9","000000"
"00826099999","2008-06-09","0.0","0.0","0.0","WXPOD8270","  81.6","24","  67.2","19","1010.8","23","999.9"," 0"," 10.0","24","  7.1","24"," 20.0"," 26.0","  93.2","*","  57.0"," "," 0.00","B","999.9","010010"
"00826099999","2008-06-10","0.0","0.0","0.0","WXPOD8270","  75.0","24","  60.6","16","1010.1","16","999.9"," 0","  9.6","24","  6.5","24"," 22.9"," 39.0","  96.1"," ","  60.1"," "," 0.42","G","999.9","010010"
"00826099999","2008-06-11","0.0","0.0","0.0","WXPOD8270","  74.5","21","  64.4"," 5","1012.6","16","999.9"," 0","  9.0","21","  4.6","21"," 15.0"," 20.0","  90.0"," ","  57.0"," "," 0.01","G","999.9","000000"
"00826099999","2008-06-12","0.0","0.0","0.0","WXPOD8270","  74.5","22","  43.3"," 7","1013.4","12","999.9"," 0"," 10.7","22","  4.3","22"," 18.1"," 27.0","  91.4","*","  55.9"," "," 0.00","G","999.9","000000"
"00826099999","2008-06-13","0.0","0.0","0.0","WXPOD8270","  74.9","24","  44.6","12","1023.3"," 4","999.9"," 0"," 10.8","24","  6.1","24"," 19.0"," 25.1","  93.9"," ","  59.0"," "," 0.35","B","999.9","010010"
"00826099999","2008-06-14","0.0","0.0","0.0","WXPOD8270","  72.9","24","  60.6","12","1014.0","12","999.9"," 0"," 10.1","24","  5.1","24"," 13.0"," 21.0","  90.0"," ","  53.1"," ","99.99"," ","999.9","110010"
"00826099999","2008-06-15","0.0","0.0","0.0","WXPOD8270","  59.8","24","  57.1","18","1012.2","16","999.9"," 0","  8.6","24","  4.6","24"," 14.0","999.9","  82.9"," ","  51.1"," "," 0.12","G","999.9","110000"
"00826099999","2008-06-16","0.0","0.0","0.0","WXPOD8270","  60.2","24","  48.9","24","1011.4","21","999.9"," 0"," 10.0","24"," 10.7","24"," 15.9"," 22.0","  84.9"," ","  51.1"," "," 0.33","G","999.9","000000"
"00826099999","2008-06-17","0.0","0.0","0.0","WXPOD8270","  63.4","23","  51.8","21","1014.4","12","999.9"," 0","  9.0","23","  9.1","23"," 27.0"," 49.0","  80.6","*","  50.0"," "," 0.22","G","999.9","010010"
"00826099999","2008-06-18","0.0","0.0","0.0","WXPOD8270","  70.6","24","  47.2","16","1016.3","16","999.9"," 0"," 10.7","24","  4.9","24"," 15.0"," 19.0","  93.9"," ","  55.0"," "," 0.00","G","999.9","000000"
"00826099999","2008-06-19","0.0","0.0","0.0","WXPOD8270","  69.8","24","  54.5","13","1013.1","20","999.9"," 0"," 11.5","24","  5.0","24"," 15.9"," 18.1","  93.0"," ","  57.9"," ","99.99"," ","999.9","010010"
"00826099999","2008-06-20","0.0","0.0","0.0","WXPOD8270","  68.9","24","  62.0","17","1013.2","17","999.9"," 0","  9.7","24","  3.9","24"," 15.0"," 21.0","  98.1"," ","  57.2","*"," 0.26","G","999.9","010010"
"00826099999","2008-06-21","0.0","0.0","0.0","WXPOD8270","  71.0","23","  60.1","19","1016.7","12","999.9"," 0","  6.7","23","  3.5","23"," 15.0"," 22.9","  89.6","*","  60.1","*"," 0.00","G","999.9","110010"
"00826099999","2008-06-22","0.0","0.0","0.0","WXPOD8270","  72.1","24","  59.7"," 8","1015.2","24","999.9"," 0","  9.5","24","  5.3","24"," 16.9"," 25.1","  93.0"," ","  60.1"," ","99.99"," ","999.9","010000"
"00826099999","2008-06-23","0.0","0.0","0.0","WXPOD8270","  65.9","24","  65.0","12","1013.9","16","999.9"," 0","  7.1","24","  7.4","24"," 13.0","999.9","  86.0"," ","  53.1"," "," 0.02","G","999.9","110010"
"00826099999","2008-06-24","0.0","0.0","0.0","WXPOD8270","  66.1","24","  60.0","19","1013.0"," 9","999.9"," 0","  7.4","24","  3.0","24"," 14.0"," 18.1","  84.9"," ","  57.0"," "," 0.78","G","999.9","110010"
"00826099999","2008-06-25","0.0","0.0","0.0","WXPOD8270","  68.3","24","  52.0","20","1019.8"," 6","999.9"," 0","  7.9","24"," 11.2","24"," 19.0"," 23.9","  86.0"," ","  53.1"," "," 0.14","G","999.9","010000"
"00826099999","2008-06-26","0.0","0.0","0.0","WXPOD8270","  64.0","24","  52.0","21","1012.3","17","999.9"," 0","  8.0","24"," 10.6","24"," 18.1"," 25.1","  84.9"," ","  55.0"," "," 0.00","G","999.9","010010"
"00826099999","2008-06-27","0.0","0.0","0.0","WXPOD8270","  67.2","24","  54.4","18","1008.7","19","999.9"," 0","  6.3","24","  4.7","24"," 20.0"," 29.9","  86.0"," ","  55.9"," "," 0.16","G","999.9","010010"
"00826099999","2008-06-28","0.0","0.0","0.0","WXPOD8270","  66.1","24","  57.2","10","1012.0","24","999.9"," 0","  8.0","24","  8.3","24"," 18.1"," 23.9","  80.1"," ","  55.0"," "," 0.01","G","999.9","010000"
"00826099999","2008-06-29","0.0","0.0","0.0","WXPOD8270","  73.7","24","  66.4","18","1012.9","12","999.9"," 0","  7.9","24","  7.3","24"," 16.9"," 28.9","  84.2","*","  57.0"," "," 0.00","G","999.9","110010"
"00826099999","2008-06-30","0.0","0.0","0.0","WXPOD8270","  71.6","24","  60.1","21","1014.8","15","999.9"," 0","  8.6","24","  8.4","24"," 15.9"," 23.9","  82.0"," ","  53.1"," "," 0.20","G","999.9","010010"
"00826099999","2008-07-01","0.0","0.0","0.0","WXPOD8270","  67.6","24","  58.9","15","1014.3","15","999.9"," 0","  7.8","24","  6.2","24"," 14.0","999.9","  82.9"," ","  55.9"," "," 0.00","G","999.9","100000"
"00826099999","2008-07-02","0.0","0.0","0.0","WXPOD8270","  67.5","24","  58.0"," 9","1012.0","23","999.9"," 0","  9.6","24","  6.8","24"," 13.0"," 16.9","  84.9"," ","  55.0"," "," 0.00","I","999.9","000000"
"00826099999","2008-07-03","0.0","0.0","0.0","WXPOD8270","  72.8","24","  56.1","19","1012.0","14","999.9"," 0"," 10.0","24","  9.1","24"," 18.1"," 29.9","  86.0"," ","  60.1"," "," 0.00","I","999.9","000000"
"00826099999","2008-07-04","0.0","0.0","0.0","WXPOD8270","  71.4","24","  61.1","23","1013.0","17","999.9"," 0","  9.5","24","  7.5","24"," 15.0"," 20.0","  82.0"," ","  57.9"," ","99.99"," ","999.9","010010"
"00826099999","2008-07-05","0.0","0.0","0.0","WXPOD8270","  66.6","23","  60.6","23","1014.7","10","999.9"," 0","  5.6","23","  3.9","23"," 14.0"," 15.9","  77.0"," ","  57.9"," "," 0.04","G","999.9","110000"
"00826099999","2008-07-06","0.0","0.0","0.0","WXPOD8270","  70.8","24","  60.5","24","1016.6"," 7","999.9"," 0","  7.4","24","  4.7","24"," 11.1","999.9","  90.0"," ","  60.8","*"," 0.14","G","999.9","100000"
"00826099999","2008-07-07","0.0","0.0","0.0","WXPOD8270","  72.7","24","  61.9","22","1016.4"," 7","999.9"," 0","  8.1","24","  4.2","24"," 13.0","999.9","  96.1"," ","  60.1"," "," 0.00","G","999.9","110000"
"00826099999","2008-07-08","0.0","0.0","0.0","WXPOD8270","  76.7","24","  68.2","22","1014.0","11","999.9"," 0","  7.5","24","  5.4","24"," 22.9"," 34.0"," 102.0"," ","  64.4","*","99.99"," ","999.9","010010"
"00826099999","2008-07-09","0.0","0.0","0.0","WXPOD8270","  76.5","23","  70.0","16","1010.8"," 6","999.9"," 0","  9.0","23","  5.9","23"," 19.0"," 23.9","  93.2","*","  64.4","*"," 0.65","G","999.9","010010"
"00826099999","2008-07-10","0.0","0.0","0.0","WXPOD8270","  74.2","24","  64.2","22","1007.6"," 7","999.9"," 0","  6.2","24","  4.2","24"," 16.9"," 27.0"," 102.9"," ","  64.0"," "," 0.24","G","999.9","110010"
"00826099999","2008-07-11","0.0","0.0","0.0","WXPOD8270","  72.7","24","  55.2","18","1015.8"," 6","999.9"," 0","  9.4","24","  6.6","24"," 14.0"," 20.0","  93.9"," ","  60.8","*"," 0.00","G","999.9","000000"
"00826099999","2008-07-12","0.0","0.0","0.0","WXPOD8270","  67.1","24","  56.8","24","1013.2"," 8","999.9"," 0","  9.9","24","  9.2","24"," 21.0"," 32.1","  93.9"," ","  57.0","*"," 0.24","A","999.9","010010"
"00826099999","2008-07-13","0.0","0.0","0.0","WXPOD8270","  71.5","24","  59.2","23","1013.6","22","999.9"," 0","  9.9","24","  6.4","24"," 15.9"," 23.9","  90.0"," ","  59.0"," ","99.99"," ","999.9","010010"
"00826099999","2008-07-14","0.0","0.0","0.0","WXPOD8270","  71.2","24","  62.2","20","1012.3","14","999.9"," 0"," 10.0","22","  6.4","24"," 14.0"," 19.0","  87.8","*","  60.1"," ","99.99"," ","999.9","110000"
"00826099999","2008-07-15","0.0","0.0","0.0","WXPOD8270","  65.6","24","  55.5","19","1013.9","24","999.9"," 0","  9.7","24","  9.8","24"," 13.0"," 16.9","  89.6","*","  60.1"," "," 0.39","G","999.9","110010"
"00826099999","2008-07-16","0.0","0.0","0.0","WXPOD8270","  69.7","24","  58.9","20","1018.4","11","999.9"," 0","  8.2","24","  5.6","24"," 15.9"," 26.0","  90.0"," ","  57.0","*"," 0.00","G","999.9","110010"
"00826099999","2008-07-17","0.0","0.0","0.0","WXPOD8270","  71.1","23","  53.7","19","1016.6"," 8","999.9"," 0","  9.8","23","  8.2","23"," 12.0"," 15.0","  89.6","*","  57.2","*"," 0.49","G","999.9","100000"
"00826099999","2008-07-18","0.0","0.0","0.0","WXPOD8270","  69.5","24","  60.8","12","1014.2"," 9","999.9"," 0","  9.2","24","  7.5","24"," 14.0"," 21.0","  90.0"," ","  55.0"," "," 0.00","G","999.9","010000"
"00826099999","2008-07-19","0.0","0.0","0.0","WXPOD8270","  76.8","24","  68.7","19","1014.6","16","999.9"," 0","  6.9","24","  4.9","24"," 15.9"," 23.9","  90.0"," ","  57.0"," "," 0.02","G","999.9","010010"
"00826099999","2008-07-20","0.0","0.0","0.0","WXPOD8270","  74.0","24","  70.5","18","1013.7","19","999.9"," 0","  7.3","24","  8.5","24"," 18.1"," 22.9","  84.0"," ","  61.0"," "," 0.01","G","999.9","000000"
"00826099999","2008-07-21","0.0","0.0","0.0","WXPOD8270","  76.9","24","  69.9","22","1013.9","13","999.9"," 0","  7.8","24","  9.9","24"," 18.1"," 26.0","  97.0"," ","  61.0"," "," 0.03","G","999.9","010000"
"00826099999","2008-07-22","0.0","0.0","0.0","WXPOD8270","  65.9","24","  59.6","15","1011.9","23","999.9"," 0","  8.7","24","  7.1","24"," 15.9"," 22.9","  84.2","*","  51.8","*"," 0.03","G","999.9","110010"
"00826099999","2008-07-23","0.0","0.0","0.0","WXPOD8270","  77.1","24","  59.6","19","1014.6"," 8","999.9"," 0","  6.9","24","  6.9","24"," 13.0"," 19.0","  97.0"," ","  57.0"," "," 0.00","G","999.9","110010"
"00826099999","2008-07-24","0.0","0.0","0.0","WXPOD8270","  72.1","24","  67.5","17","1017.1"," 7","999.9"," 0","  8.1","24","  8.8","24"," 20.0"," 34.0","  91.0"," ","  57.9"," "," 0.25","G","999.9","010010"
"00826099999","2008-07-25","0.0","0.0","0.0","WXPOD8270","  72.7","24","  68.9","10","1016.8"," 6","999.9"," 0","  8.3","24","  5.1","24"," 14.0"," 15.9","  91.0"," ","  55.9"," "," 2.16","G","999.9","010010"
"00826099999","2008-07-26","0.0","0.0","0.0","WXPOD8270","  77.4","24","  70.5","19","1014.2","18","999.9"," 0","  9.2","24","  5.0","24"," 14.0"," 16.9","  97.0"," ","  59.0"," "," 0.24","G","999.9","010010"
"00826099999","2008-07-27","0.0","0.0","0.0","WXPOD8270","  72.3","24","  61.7","19","1011.7","19","999.9"," 0","  7.6","24","  9.2","24"," 16.9"," 22.9","  91.9"," ","  57.9"," "," 0.00","G","999.9","010010"
"00826099999","2008-07-28","0.0","0.0","0.0","WXPOD8270","  65.0","24","  54.3","22","1013.2","21","999.9"," 0","  9.8","24"," 12.6","24"," 18.1"," 25.1","  82.9"," ","  55.4","*"," 0.68","G","999.9","010010"
"00826099999","2008-07-29","0.0","0.0","0.0","WXPOD8270","  67.4","24","  59.0","10","1012.8","15","999.9"," 0"," 10.0","24"," 10.4","24"," 19.0"," 27.0","  95.0"," ","  57.0"," "," 0.00","G","999.9","000010"
"00826099999","2008-07-30","0.0","0.0","0.0","WXPOD8270","  70.6","24","  54.8","20","1012.4","21","999.9"," 0","  9.9","24","  8.6","24"," 16.9"," 26.0","  96.1"," ","  57.2","*","99.99"," ","999.9","010010"
"00826099999","2008-07-31","0.0","0.0","0.0","WXPOD8270","  73.0","24","  67.8","11","1006.8"," 5","999.9"," 0","  8.6","24","  7.1","24"," 15.0"," 18.1","  90.0"," ","  57.9"," "," 0.71","D","999.9","110010"
"00826099999","2008-08-01","0.0","0.0","0.0","WXPOD8270","  73.4","24","  66.9","10","1009.7","15","999.9"," 0","  7.6","24","  7.6","24"," 16.9"," 23.9","  91.4","*","  57.0"," "," 0.01","A","999.9","110000"
"00826099999","2008-08-02","0.0","0.0","0.0","WXPOD8270","  79.5","22","  66.6","17","1009.2","15","999.9"," 0","  8.2","22","  5.1","22"," 16.9"," 26.0","  95.0","*","  61.0"," "," 0.00","B","999.9","110010"
"00826099999","2008-08-03","0.0","0.0","0.0","WXPOD8270","  72.7","24","  66.5","11","1008.9","21","999.9"," 0","  9.2","24","  8.6","24"," 16.9"," 22.9","  91.0"," ","  55.9"," "," 0.15","G","999.9","100010"
"00826099999","2008-08-04","0.0","0.0","0.0","WXPOD8270","  73.6","24","  62.5","24","1010.4","13","999.9"," 0","  8.8","24","  4.3","24"," 15.9"," 21.0","  88.0"," ","  54.0"," "," 0.00","G","999.9","110000"
"00826099999","2008-08-05","0.0","0.0","0.0","WXPOD8270","  68.7","24","  54.1","18","1012.3","21","999.9"," 0"," 11.0","24","  7.0","24"," 14.0","999.9","  84.9"," ","  54.0"," "," 0.13","G","999.9","000000"
"00826099999","2008-08-06","0.0","0.0","0.0","WXPOD8270","  70.4","23","  59.5","14","1012.9","14","999.9"," 0","  8.9","23","  8.5","23"," 18.1"," 22.9","  93.9"," ","  57.9"," "," 0.00","G","999.9","010000"
"00826099999","2008-08-07","0.0","0.0","0.0","WXPOD8270","  67.9","24","  52.4","16","1011.4","22","999.9"," 0","  9.6","24","  7.6","24"," 13.0"," 18.1","  87.1"," ","  57.0"," "," 0.29","G","999.9","000000"
"00826099999","2008-08-08","0.0","0.0","0.0","WXPOD8270","  65.1","24","  54.3","20","1011.4","17","999.9"," 0","  9.5","24","  8.4","24"," 14.0","999.9","  84.9"," ","  55.4","*"," 0.04","G","999.9","010010"
"00826099999","2008-08-09","0.0","0.0","0.0","WXPOD8270","  65.2","24","  55.2","23","1013.5","18","999.9"," 0","  7.5","24","  6.4","24"," 15.9"," 22.9","  82.4","*","  55.0"," "," 0.00","G","999.9","110000"
"00826099999","2008-08-10","0.0","0.0","0.0","WXPOD8270","  68.6","24","  57.8","23","1013.3","20","999.9"," 0","  9.4","24","  4.2","24"," 14.0"," 18.1","  87.8","*","  55.9"," "," 0.01","G","999.9","110010"
"00826099999","2008-08-11","0.0","0.0","0.0","WXPOD8270","  70.5","24","  60.1","23","1011.6","19","999.9"," 0","  9.2","24","  5.0","24"," 15.9"," 22.0","  93.0"," ","  60.1"," "," 0.00","G","999.9","010010"
"00826099999","2008-08-12","0.0","0.0","0.0","WXPOD8270","  66.3","24","  58.2","24","1008.2","14","999.9"," 0","  7.8","24","  4.0","24"," 13.0"," 18.1","  89.6","*","  55.0"," "," 1.26","G","999.9","110010"
"00826099999","2008-08-13","0.0","0.0","0.0","WXPOD8270","  68.3","23","  57.4","23","1008.2","21","999.9"," 0"," 10.2","22","  3.9","22"," 13.0","999.9","  93.9"," ","  55.4","*"," 0.01","G","999.9","000000"
"00826099999","2008-08-14","0.0","0.0","0.0","WXPOD8270","  68.8","24","  60.3","24","1009.8","17","999.9"," 0","  7.0","24","  3.4","24"," 13.0","999.9","  89.6","*","  57.2","*"," 0.00","G","999.9","110000"
"00826099999","2008-08-15","0.0","0.0","0.0","WXPOD8270","  71.3","24","  60.3","17","1011.8"," 6","999.9"," 0","  9.3","24","  7.1","24"," 21.0"," 29.9","  96.1"," ","  59.0"," "," 0.03","G","999.9","010010"
"00826099999","2008-08-16","0.0","0.0","0.0","WXPOD8270","  70.6","24","  59.3","24","1011.2","12","999.9"," 0","  9.2","24","  7.3","24"," 15.9","999.9","  99.0"," ","  60.8","*"," 0.15","G","999.9","010010"
"00826099999","2008-08-17","0.0","0.0","0.0","WXPOD8270","  64.3","24","  55.4","24","1009.7","18","999.9"," 0","  9.3","24","  7.3","24"," 15.9"," 22.0","  86.0"," ","  52.0"," "," 0.00","G","999.9","110000"
"00826099999","2008-08-18","0.0","0.0","0.0","WXPOD8270","  63.9","24","  55.2","23","1012.4","11","999.9"," 0","  8.2","24","  5.1","24"," 15.0"," 18.1","  80.6","*","  52.0"," "," 0.01","G","999.9","110000"
"00826099999","2008-08-19","0.0","0.0","0.0","WXPOD8270","  65.7","24","  56.6","21","1012.6","10","999.9"," 0","  9.1","24","  6.2","24"," 13.0"," 16.9","  89.1"," ","  57.0"," "," 0.00","G","999.9","110010"
"00826099999","2008-08-20","0.0","0.0","0.0","WXPOD8270","  72.3","24","  60.2","12","1012.2"," 6","999.9"," 0","  8.9","24","  7.7","24"," 20.0"," 25.1","  84.9"," ","  60.1","*"," 0.33","G","999.9","010010"
"00826099999","2008-08-21","0.0","0.0","0.0","WXPOD8270","  74.8","24","  62.7","21","1012.0"," 4","999.9"," 0","  7.7","24","  7.1","24"," 16.9"," 22.9","  87.1"," ","  60.1","*"," 0.20","G","999.9","010010"
"00826099999","2008-08-22","0.0","0.0","0.0","WXPOD8270","  71.9","24","  63.0","13","9999.9"," 0","999.9"," 0","  9.3","24","  6.2","24"," 14.0"," 21.0","  89.1"," ","  59.0","*"," 0.00","G","999.9","010010"
"00826099999","2008-08-23","0.0","0.0","0.0","WXPOD8270","  71.1","24","  58.6","19","1016.8","10","999.9"," 0","  6.4","24","  4.8","24"," 15.0","999.9","  91.0"," ","  53.6","*"," 0.00","B","999.9","110000"
"00826099999","2008-08-24","0.0","0.0","0.0","WXPOD8270","  72.7","24","  58.4","14","1014.5"," 5","999.9"," 0","  6.8","24","  3.2","24"," 13.0"," 15.0","  86.0","*","  57.0"," "," 0.00","B","999.9","110010"
"00826099999","2008-08-25","0.0","0.0","0.0","WXPOD8270","  73.5","24","  60.8","22","1010.2","17","999.9"," 0","  9.8","24","  8.4","24"," 15.0"," 16.9","  93.0"," ","  62.1"," ","99.99"," ","999.9","010010"
"00826099999","2008-08-26","0.0","0.0","0.0","WXPOD8270","  66.2","24","  53.8","24","1008.2","17","999.9"," 0"," 10.2","24","  5.0","24"," 15.0"," 20.0","  87.1"," ","  53.6","*"," 1.05","G","999.9","010010"
"00826099999","2008-08-27","0.0","0.0","0.0","WXPOD8270","  70.6","24","  50.0","18","1009.3","14","999.9"," 0"," 11.2","24","  4.0","24"," 15.0","999.9","  91.9"," ","  55.4","*"," 0.00","G","999.9","000000"
"00826099999","2008-08-28","0.0","0.0","0.0","WXPOD8270","  69.4","24","  54.7","16","1008.7"," 9","999.9"," 0","  9.3","24","  3.6","24"," 14.0","999.9","  84.2","*","  57.2","*"," 0.00","B","999.9","110000"
"00826099999","2008-08-29","0.0","0.0","0.0","WXPOD8270","  74.0","24","  58.7","17","1013.0"," 4","999.9"," 0"," 10.4","24","  3.4","24"," 36.9"," 55.9"," 102.9"," ","  60.8","*"," 0.00","H","999.9","010010"
"00826099999","2008-08-30","0.0","0.0","0.0","WXPOD8270","  69.1","24","  63.0","20","1014.7"," 4","999.9"," 0","  7.6","24","  3.3","24"," 14.0","999.9","  80.6","*","  59.0"," "," 0.10","G","999.9","110000"
"00826099999","2008-08-31","0.0","0.0","0.0","WXPOD8270","  67.3","24","  52.0","15","1016.8"," 4","999.9"," 0","  8.9","24","  8.0","24"," 18.1"," 22.0","  84.9"," ","  55.4","*"," 0.02","G","999.9","110000"
"00826099999","2008-09-01","0.0","0.0","0.0","WXPOD8270","  76.4","24","  40.2","11","1017.8"," 5","999.9"," 0"," 10.1","24","  6.1","24"," 18.1"," 25.1","  91.9"," ","  52.0"," "," 0.00","G","999.9","000000"
"00826099999","2008-09-02","0.0","0.0","0.0","WXPOD8270","  69.0","23","  58.8"," 5","1012.6","18","999.9"," 0"," 10.8","23","  4.6","23"," 16.9"," 22.9","  90.0"," ","  55.9"," "," 0.00","I","999.9","000000"
"00826099999","2008-09-03","0.0","0.0","0.0","WXPOD8270","  69.5","24","  60.2","10","1011.4","18","999.9"," 0"," 10.7","24","  6.5","24"," 19.0"," 32.1","  93.0"," ","  57.2","*","99.99"," ","999.9","010010"
"00826099999","2008-09-04","0.0","0.0","0.0","WXPOD8270","  72.0","24","  68.8","19","1010.5"," 7","999.9"," 0","  7.6","24","  7.2","24"," 16.9"," 27.0","  99.0"," ","  59.0"," "," 0.33","G","999.9","010000"
"00826099999","2008-09-05","0.0","0.0","0.0","WXPOD8270","  70.3","24","  63.5","18","9999.9"," 0","999.9"," 0","  9.1","24","  5.2","24"," 15.0"," 16.9"," 100.0"," ","  62.1"," "," 0.34","G","999.9","110000"
"00826099999","2008-09-06","0.0","0.0","0.0","WXPOD8270","  71.3","24","  57.7","17","1015.5"," 8","999.9"," 0","  8.7","24","  3.9","24"," 14.0"," 19.0"," 100.9"," ","  62.1"," "," 0.65","G","999.9","110000"
"00826099999","2008-09-07","0.0","0.0","0.0","WXPOD8270","  71.5","23","  60.6","18","1006.7"," 7","999.9"," 0","  7.4","23","  6.1","23"," 22.9"," 29.9","  96.1"," ","  55.4","*"," 0.70","G","999.9","110000"
"00826099999","2008-09-08","0.0","0.0","0.0","WXPOD8270","  69.4","24","  55.7","20","1016.5"," 4","999.9"," 0","  9.1","24","  6.8","24"," 15.0"," 16.9","  89.6","*","  55.0"," "," 0.01","G","999.9","110000"
"00826099999","2008-09-09","0.0","0.0","0.0","WXPOD8270","  67.4","24","  57.2","15","9999.9"," 0","999.9"," 0","  9.1","24","  7.9","24"," 19.0"," 23.9","  79.0"," ","  59.0"," "," 0.13","G","999.9","010010"
"00826099999","2008-09-10","0.0","0.0","0.0","WXPOD8270","  67.5","24","  56.1","21","1018.3"," 4","999.9"," 0","  9.0","24","  6.4","24"," 14.0"," 20.0","  81.0"," ","  55.9"," "," 0.36","G","999.9","110000"
"00826099999","2008-09-11","0.0","0.0","0.0","WXPOD8270","  63.9","23","  54.2","19","1020.8"," 6","999.9"," 0"," 10.0","23","  5.0","23"," 13.0"," 35.9","  78.8","*","  48.2","*"," 0.01","G","999.9","000000"
"00826099999","2008-09-12","0.0","0.0","0.0","WXPOD8270","  63.0","24","  51.5","23","1017.9"," 4","999.9"," 0"," 10.2","24","  6.2","24"," 14.0","999.9","  82.9"," ","  52.0"," "," 0.00","G","999.9","010000"
"00826099999","2008-09-13","0.0","0.0","0.0","WXPOD8270","  63.6","24","  58.2","16","1011.7","11","999.9"," 0","  8.1","24","  8.0","24"," 21.0"," 29.9","  81.0"," ","  55.0"," "," 0.57","G","999.9","010000"
"00826099999","2008-09-14","0.0","0.0","0.0","WXPOD8270","  69.8","24","  62.1","17","1011.8","11","999.9"," 0","  7.6","24","  8.5","24"," 29.9"," 49.0","  84.0"," ","  55.9"," "," 0.05","G","999.9","110000"
"00826099999","2008-09-15","0.0","0.0","0.0","WXPOD8270","  68.9","24","  57.0","12","1012.4","11","999.9"," 0","  9.5","24","  7.6","24"," 20.0"," 33.0","  84.2","*","  60.1"," "," 0.21","G","999.9","010000"
"00826099999","2008-09-16","0.0","0.0","0.0","WXPOD8270","  62.7","24","  51.4","24","1012.7","19","999.9"," 0","  9.9","24","  5.2","24"," 12.0","999.9","  84.0"," ","  53.6","*"," 0.00","G","999.9","000000"
"00826099999","2008-09-17","0.0","0.0","0.0","WXPOD8270","  58.9","24","  49.5","24","1016.4"," 9","999.9"," 0","  9.4","24","  7.0","24"," 15.0"," 21.0","  78.1"," ","  48.2","*","99.99"," ","999.9","110000"
"00826099999","2008-09-18","0.0","0.0","0.0","WXPOD8270","  59.4","24","  48.8","24","1020.8"," 7","999.9"," 0","  7.2","24","  5.9","24"," 20.0"," 29.9","  75.2","*","  50.0"," "," 0.01","G","999.9","110000"
"00826099999","2008-09-19","0.0","0.0","0.0","WXPOD8270","  61.6","24","  49.0","22","9999.9"," 0","999.9"," 0","  9.7","24","  7.0","24"," 18.1"," 27.0","  75.0"," ","  51.8","*"," 0.00","G","999.9","010010"
"00826099999","2008-09-20","0.0","0.0","0.0","WXPOD8270","  65.6","24","  57.4","17","1018.2"," 5","999.9"," 0","  7.8","24","  4.6","24"," 12.0"," 20.0","  75.0"," ","  50.0","*"," 0.93","G","999.9","010010"
"00826099999","2008-09-21","0.0","0.0","0.0","WXPOD8270","  66.7","24","  57.9","24","1021.5","12","999.9"," 0","  9.0","24","  5.2","24"," 11.1"," 14.0","  79.0"," ","  53.1","*"," 0.00","G","999.9","110000"
"00826099999","2008-09-22","0.0","0.0","0.0","WXPOD8270","  60.7","24","  55.2","24","1026.0"," 9","999.9"," 0","  6.9","24","  4.5","24"," 15.0"," 18.1","  82.9"," ","  53.1"," ","99.99"," ","999.9","110000"
"00826099999","2008-09-23","0.0","0.0","0.0","WXPOD8270","  62.4","24","  46.6","19","1027.9","12","999.9"," 0","  9.9","24","  4.6","24"," 18.1"," 22.0","  88.0"," ","  51.8","*","99.99"," ","999.9","110000"
"00826099999","2008-09-24","0.0","0.0","0.0","WXPOD8270","  64.7","22","  43.1","17","1028.1"," 7","999.9"," 0","  9.6","22","  3.4","22"," 13.0"," 19.0","  90.0"," ","  51.8","*","99.99"," ","999.9","110000"
"00826099999","2008-09-25","0.0","0.0","0.0","WXPOD8270","  61.2","24","  46.8","18","1028.8","10","999.9"," 0","  9.9","24","  3.8","24"," 15.9"," 22.0","  91.0"," ","  50.0","*"," 0.01","G","999.9","110000"
"00826099999","2008-09-26","0.0","0.0","0.0","WXPOD8270","  61.9","24","  56.7","24","1024.4","10","999.9"," 0","  7.8","24","  6.7","24"," 22.9"," 28.0","  90.0"," ","  55.4","*"," 0.05","G","999.9","010000"
"00826099999","2008-09-27","0.0","0.0","0.0","WXPOD8270","  63.7","23","  59.1","21","1015.2","11","999.9"," 0","  6.5","23","  3.7","23"," 12.0","999.9","  90.0"," ","  53.6","*"," 2.80","G","999.9","110000"
"00826099999","2008-09-28","0.0","0.0","0.0","WXPOD8270","  65.1","24","  62.0","20","1014.1","16","999.9"," 0","  6.9","24","  3.8","24"," 13.0","999.9","  82.4","*","  51.8","*"," 2.83","G","999.9","110000"
"00826099999","2008-09-29","0.0","0.0","0.0","WXPOD8270","  64.5","24","  58.1","23","1012.5","11","999.9"," 0","  7.1","24","  4.7","24"," 14.0"," 19.0","  86.0"," ","  53.1"," "," 0.18","G","999.9","110000"
"00826099999","2008-09-30","0.0","0.0","0.0","WXPOD8270","  63.3","23","  57.1","23","1014.2","19","999.9"," 0","  9.4","23","  4.1","23"," 14.0"," 22.9","  77.0"," ","  53.6","*"," 0.15","G","999.9","010000"
"00826099999","2008-10-01","0.0","0.0","0.0","WXPOD8270","  62.8","24","  52.5","20","1014.5","13","999.9"," 0","  9.9","24","  3.8","24"," 15.9"," 20.0","  84.0"," ","  44.6","*"," 0.09","G","999.9","110000"
"00826099999","2008-10-02","0.0","0.0","0.0","WXPOD8270","  63.8","24","  56.3","21","1013.4","18","999.9"," 0","  9.8","24","  5.4","24"," 22.9"," 28.0","  84.0"," ","  53.6","*"," 0.19","G","999.9","010000"
"00826099999","2008-10-03","0.0","0.0","0.0","WXPOD8270","  64.4","24","  53.6","23","1010.9","19","999.9"," 0"," 10.2","24","  6.3","24"," 23.9"," 30.9","  72.0"," ","  41.0","*"," 0.09","G","999.9","100000"
"00826099999","2008-10-04","0.0","0.0","0.0","WXPOD8270","  58.8","24","  47.3","18","1019.5"," 5","999.9"," 0","  8.0","24","  5.8","24"," 15.9"," 20.0","  71.6","*","  42.8","*"," 0.03","G","999.9","110000"
"00826099999","2008-10-05","0.0","0.0","0.0","WXPOD8270","  55.5","24","  49.6","24","1022.7"," 7","999.9"," 0","  7.8","24","  3.6","24"," 12.0","999.9","  82.9"," ","  42.8","*"," 0.01","G","999.9","110000"
"00826099999","2008-10-06","0.0","0.0","0.0","WXPOD8270","  59.6","23","  52.1","21","1018.7","17","999.9"," 0","  9.8","23","  4.1","23"," 18.1","999.9","  84.0"," ","  48.2","*"," 0.09","G","999.9","110010"
"00826099999","2008-10-07","0.0","0.0","0.0","WXPOD8270","  67.0","24","  58.7","18","1018.7","10","999.9"," 0","  8.1","24","  4.3","24"," 14.0","999.9","  81.0"," ","  51.8","*"," 0.33","G","999.9","110010"
"00826099999","2008-10-08","0.0","0.0","0.0","WXPOD8270","  64.8","24","  49.7","13","1015.5","11","999.9"," 0"," 10.6","24","  4.7","24"," 11.1"," 15.9","  87.1"," ","  50.0","*"," 1.47","G","999.9","010000"
"00826099999","2008-10-09","0.0","0.0","0.0","WXPOD8270","  62.4","24","  52.9","15","1013.8","16","999.9"," 0","  9.5","24","  6.2","24"," 20.0"," 26.0","  77.0"," ","  48.2","*"," 0.19","G","999.9","110000"
"00826099999","2008-10-10","0.0","0.0","0.0","WXPOD8270","  58.1","24","  40.5","11","1013.1"," 9","999.9"," 0","  8.5","24","  8.5","24"," 16.9"," 22.0","  75.9"," ","  44.1"," "," 0.05","G","999.9","110000"
"00826099999","2008-10-11","0.0","0.0","0.0","WXPOD8270","  59.1","24","  55.0"," 5","1019.7"," 5","999.9"," 0","  9.5","24","  8.9","24"," 15.0"," 22.0","  68.0"," ","  48.2","*"," 0.01","G","999.9","000000"
"00826099999","2008-10-12","0.0","0.0","0.0","WXPOD8270","  60.2","24","  55.4"," 5","1020.5","12","999.9"," 0","  8.4","24","  6.0","24"," 16.9"," 21.0","  72.0"," ","  46.4","*"," 0.01","G","999.9","110000"
"00826099999","2008-10-13","0.0","0.0","0.0","WXPOD8270","  55.9","24","  54.5"," 8","1023.0","20","999.9"," 0"," 10.8","24","  3.9","24"," 15.0"," 20.0","  75.2","*","  43.0"," "," 0.00","G","999.9","000000"
"00826099999","2008-10-14","0.0","0.0","0.0","WXPOD8270","  62.7","24","  45.4","12","1021.2","18","999.9"," 0"," 10.3","24","  2.2","24"," 11.1","999.9","  82.0"," ","  46.0"," ","99.99"," ","999.9","010000"
"00826099999","2008-10-15","0.0","0.0","0.0","WXPOD8270","  62.8","23","  60.9","15","1017.3","12","999.9"," 0","  7.5","23","  3.8","23"," 14.0"," 16.9","  78.8","*","  48.0"," "," 0.09","G","999.9","110000"
"00826099999","2008-10-16","0.0","0.0","0.0","WXPOD8270","  61.4","24","  49.5","20","1015.1","15","999.9"," 0","  9.8","24","  4.0","24"," 18.1"," 22.9","  82.9"," ","  46.4","*"," 0.07","G","999.9","110000"
"00826099999","2008-10-17","0.0","0.0","0.0","WXPOD8270","  64.4","24","  43.5","20","1016.4","17","999.9"," 0","  9.6","24","  2.7","24"," 19.0"," 26.0","  87.1"," ","  50.0"," "," 0.00","G","999.9","000000"
"00826099999","2008-10-18","0.0","0.0","0.0","WXPOD8270","  55.0","24","  42.9","24","1022.4","11","999.9"," 0"," 11.1","24","  4.2","24"," 20.0"," 28.9","  84.9"," ","  44.6","*"," 0.00","A","999.9","000000"
"00826099999","2008-10-19","0.0","0.0","0.0","WXPOD8270","  50.5","24","  42.1","24","1024.3","10","999.9"," 0","  8.7","24","  3.4","24"," 21.0"," 30.9","  73.0"," ","  37.4","*"," 0.00","A","999.9","100000"
"00826099999","2008-10-20","0.0","0.0","0.0","WXPOD8270","  54.1","23","  45.4","23","1018.9","16","999.9"," 0"," 10.6","23"," 10.3","23"," 28.0"," 35.0","  73.9"," ","  37.0"," "," 0.01","G","999.9","000000"
"00826099999","2008-10-21","0.0","0.0","0.0","WXPOD8270","  55.6","24","  46.4","23","1020.9","19","999.9"," 0"," 10.0","24","  4.6","24"," 15.0"," 18.1","  78.1"," ","  39.2","*"," 0.00","G","999.9","010000"
"00826099999","2008-10-22","0.0","0.0","0.0","WXPOD8270","  50.7","24","  39.6","24","1020.2"," 4","999.9"," 0","  7.8","24"," 10.5","24"," 28.9"," 33.0","  66.2","*","  42.8","*"," 0.01","G","999.9","010000"
"00826099999","2008-10-23","0.0","0.0","0.0","WXPOD8270","  51.8","22","  38.2","17","1018.4"," 5","999.9"," 0","  9.8","22","  6.5","22"," 25.1"," 29.9","  59.0","*","  37.4","*"," 0.22","G","999.9","010000"
"00826099999","2008-10-24","0.0","0.0","0.0","WXPOD8270","  50.2","24","  42.1","16","1020.5"," 6","999.9"," 0"," 10.9","24","  5.2","24"," 11.1"," 19.0","  64.9"," ","  33.8","*"," 1.02","G","999.9","010000"
"00826099999","2008-10-25","0.0","0.0","0.0","WXPOD8270","  50.5","24","  41.2","24","1020.4","12","999.9"," 0"," 11.7","24","  4.7","24"," 18.1"," 23.9","  73.0"," ","  39.2","*"," 0.00","G","999.9","000000"
"00826099999","2008-10-26","0.0","0.0","0.0","WXPOD8270","  56.4","24","  42.8","20","1016.4","21","999.9"," 0"," 10.6","24","  3.2","24"," 35.0"," 47.0","  84.0"," ","  48.0"," "," 0.70","G","999.9","110000"
"00826099999","2008-10-27","0.0","0.0","0.0","WXPOD8270","  55.2","24","  47.5","22","1020.0","19","999.9"," 0","  8.5","24","  3.6","24"," 21.0"," 29.9","  84.0"," ","  41.0","*"," 0.00","G","999.9","100000"
"00826099999","2008-10-28","0.0","0.0","0.0","WXPOD8270","  50.1","24","  46.7","21","1021.3","10","999.9"," 0","  7.0","24","  5.6","24"," 22.9"," 40.0","  70.0"," ","  39.2","*"," 0.27","A","999.9","110000"
"00826099999","2008-10-29","0.0","0.0","0.0","WXPOD8270","  44.6","23","  33.4","15","1017.5"," 8","999.9"," 0"," 11.0","23"," 11.0","23"," 31.9"," 39.0","  57.2","*","  28.4","*"," 0.04","C","999.9","010000"
"00826099999","2008-10-30","0.0","0.0","0.0","WXPOD8270","  46.0","22","  27.1","12","1012.7"," 9","999.9"," 0"," 11.8","22","  4.3","22"," 15.0","999.9","  75.9"," ","  33.1"," "," 0.02","A","999.9","010000"
"00826099999","2008-10-31","0.0","0.0","0.0","WXPOD8270","  55.9","24","  39.0","11","1023.8"," 9","999.9"," 0","  9.8","24","  4.7","24"," 20.0"," 25.1","  66.2","*","  33.8","*"," 0.03","C","999.9","010000"
"00826099999","2008-11-01","0.0","0.0","0.0","WXPOD8270","  59.1","24","  49.4","15","1018.4"," 5","999.9"," 0","  8.6","24","  6.4","24"," 15.0"," 20.0","  66.9"," ","  44.6","*"," 0.07","G","999.9","010000"
"00826099999","2008-11-02","0.0","0.0","0.0","WXPOD8270","  53.1","23","9999.9"," 0","1034.9"," 6","999.9"," 0"," 10.6","23","  6.6","23"," 18.1"," 25.1","  75.0"," ","  33.8","*"," 1.29","G","999.9","010000"
"00826099999","2008-11-03","0.0","0.0","0.0","WXPOD8270","  51.3","24","  48.4","23","1023.8","10","999.9"," 0"," 10.1","24","  4.6","24"," 19.0"," 25.1","  69.1"," ","  26.6","*"," 0.00","G","999.9","010000"
"00826099999","2008-11-04","0.0","0.0","0.0","WXPOD8270","  53.2","24","  45.4","24","1020.0","14","999.9"," 0","  8.9","24","  7.0","24"," 18.1"," 21.0","  73.9"," ","  37.4","*"," 0.40","G","999.9","110000"
"00826099999","2008-11-05","0.0","0.0","0.0","WXPOD8270","  52.2","24","  41.9","24","1022.5","22","999.9"," 0","  9.7","24","  2.9","24"," 21.0"," 28.0","  75.0"," ","  39.9"," "," 0.00","G","999.9","110000"
"00826099999","2008-11-06","0.0","0.0","0.0","WXPOD8270","  58.2","24","  47.5","21","1022.6"," 4","999.9"," 0","  7.7","24","  7.0","24"," 23.9"," 33.0","  72.0"," ","  48.0"," "," 0.18","G","999.9","110010"
"00826099999","2008-11-07","0.0","0.0","0.0","WXPOD8270","  51.9","23","  47.2","23","1010.9"," 4","999.9"," 0","  6.8","23","  2.0","23"," 18.1"," 23.9","  68.0"," ","  34.0"," "," 0.82","G","999.9","110000"
"00826099999","2008-11-08","0.0","0.0","0.0","WXPOD8270","  52.8","24","  51.6","19","1010.6"," 7","999.9"," 0","  7.8","24","  3.8","24"," 11.1"," 14.0","  71.1"," ","  41.0","*"," 0.00","G","999.9","100000"
"00826099999","2008-11-09","0.0","0.0","0.0","WXPOD8270","  56.7","24","  48.4","24","1008.9"," 6","999.9"," 0","  8.6","24","  9.2","24"," 20.0"," 28.9","  64.9"," ","  50.0","*"," 0.48","G","999.9","110000"
"00826099999","2008-11-10","0.0","0.0","0.0","WXPOD8270","  54.4","24","  46.6","24","1014.2","20","999.9"," 0"," 10.2","24","  5.6","24"," 16.9"," 22.9","  64.0"," ","  35.6","*"," 0.13","G","999.9","110000"
"00826099999","2008-11-11","0.0","0.0","0.0","WXPOD8270","  56.2","23","  52.6","17","1022.4","13","999.9"," 0","  8.7","23","  6.6","23"," 21.0"," 25.1","  64.9"," ","  42.8","*"," 3.26","G","999.9","110010"
"00826099999","2008-11-12","0.0","0.0","0.0","WXPOD8270","  52.5","24","  47.8","20","1024.9"," 7","999.9"," 0","  8.6","24","  3.7","24"," 11.1","999.9","  66.9"," ","  39.2","*"," 0.06","G","999.9","010000"
"00826099999","2008-11-13","0.0","0.0","0.0","WXPOD8270","  50.1","24","  47.3","22","1023.4","13","999.9"," 0","  7.2","24","  4.3","24"," 13.0","999.9","  69.1"," ","  37.4","*"," 0.01","G","999.9","010000"
"00826099999","2008-11-14","0.0","0.0","0.0","WXPOD8270","  57.8","24","  54.3","24","1018.0"," 5","999.9"," 0","  6.7","24","  7.0","24"," 14.0"," 16.9","  75.9"," ","  48.9"," "," 0.11","G","999.9","010000"
"00826099999","2008-11-15","0.0","0.0","0.0","WXPOD8270","  56.1","24","  49.3","19","1010.7","13","999.9"," 0","  6.9","24","  9.3","24"," 18.1"," 26.0","  78.1"," ","  42.8","*"," 0.01","G","999.9","110000"
"00826099999","2008-11-16","0.0","0.0","0.0","WXPOD8270","  55.1","24","  44.8","23","1018.5","16","999.9"," 0"," 10.1","24","  6.7","24"," 22.9"," 33.0","  75.0"," ","  44.1"," "," 1.37","G","999.9","010000"
"00826099999","2008-11-17","0.0","0.0","0.0","WXPOD8270","  48.0","24","  29.9","13","1019.5","14","999.9"," 0","  9.8","24","  3.6","24"," 18.1"," 28.0","  73.0"," ","  37.4","*"," 0.00","G","999.9","010000"
"00826099999","2008-11-18","0.0","0.0","0.0","WXPOD8270","  39.3","24","  26.0","19","1018.5"," 8","999.9"," 0"," 11.5","24","  7.4","24"," 23.9"," 28.9","  55.0"," ","  26.6","*"," 0.01","G","999.9","000000"
"00826099999","2008-11-19","0.0","0.0","0.0","WXPOD8270","  30.5","24","  23.0"," 7","9999.9"," 0","999.9"," 0"," 11.6","24"," 12.4","24"," 26.0"," 32.1","  39.0","*","  24.8","*"," 0.01","G","999.9","001000"
"00826099999","2008-11-20","0.0","0.0","0.0","WXPOD8270","  54.0","24","  50.3","18","1020.8","15","999.9"," 0"," 10.0","24","  5.6","24"," 15.0"," 25.1","  64.9"," ","9999.9"," "," 0.00","G","999.9","010000"
"00826099999","2008-11-21","0.0","0.0","0.0","WXPOD8270","  42.9","23","  24.3","10","1020.8","19","999.9"," 0"," 11.5","23","  2.4","23"," 19.0"," 28.0","  63.0"," ","  28.4","*"," 0.00","I","999.9","000000"
"00826099999","2008-11-22","0.0","0.0","0.0","WXPOD8270","  29.6","24","  16.2","24","1017.9","12","999.9"," 0"," 12.5","24"," 10.5","24"," 22.9"," 28.9","  53.6","*","  17.1"," "," 0.00","I","999.9","000000"
"00826099999","2008-11-23","0.0","0.0","0.0","WXPOD8270","  39.1","20","  33.5","13","1023.8","14","999.9"," 0"," 11.6","20","  7.7","20"," 18.1"," 27.0","  66.0"," ","  21.2","*"," 0.00","I","999.9","000000"
"00826099999","2008-11-24","0.0","0.0","0.0","WXPOD8270","  42.3","23","  33.9","17","1024.5"," 9","999.9"," 0","  7.4","23","  5.2","23"," 19.0"," 28.0","  55.4","*","  28.4","*"," 0.56","G","999.9","010000"
"00826099999","2008-11-25","0.0","0.0","0.0","WXPOD8270","  45.9","24","  44.5","19","1018.3","18","999.9"," 0","  7.2","24","  6.4","24"," 22.0"," 29.9","  60.8","*","  32.0"," "," 0.47","G","999.9","010000"
"00826099999","2008-11-26","0.0","0.0","0.0","WXPOD8270","  50.2","24","  47.2","22","1012.7","19","999.9"," 0","  5.3","24","  2.4","24"," 16.9"," 22.9","  63.0"," ","  35.6","*"," 1.53","G","999.9","011000"
"00826099999","2008-11-27","0.0","0.0","0.0","WXPOD8270","  49.0","24","  46.4","20","1016.5","12","999.9"," 0","  4.2","24","  1.6","24"," 12.0"," 15.0","  64.0"," ","  26.6","*"," 0.33","G","999.9","110000"
"00826099999","2008-11-28","0.0","0.0","0.0","WXPOD8270","  54.0","24","  48.7","21","9999.9"," 0","999.9"," 0","  8.4","24","  4.1","24"," 15.9"," 20.0","  63.0"," ","  39.2","*"," 0.09","G","999.9","010010"
"00826099999","2008-11-29","0.0","0.0","0.0","WXPOD8270","  45.2","23","  40.8","11","1012.2","10","999.9"," 0","  6.8","23","  3.2","23","  9.9"," 15.0","  60.1"," ","  32.0"," "," 0.03","G","999.9","100000"
"00826099999","2008-11-30","0.0","0.0","0.0","WXPOD8270","  38.9","24","9999.9"," 0","1012.2"," 6","999.9"," 0","  5.9","24","  4.3","24"," 15.9"," 23.9","  50.0"," ","  24.8","*"," 0.01","G","999.9","111000"
"00826099999","2008-12-01","0.0","0.0","0.0","WXPOD8270","  45.2","24","9999.9"," 0","9999.9"," 0","999.9"," 0","  2.0","24","  3.1","24"," 21.0"," 28.9","  66.0"," ","  35.6","*"," 1.15","G","999.9","110000"
"00826099999","2008-12-02","0.0","0.0","0.0","WXPOD8270","  52.8","24","  47.7","17","1019.8","15","999.9"," 0","  6.2","24","  5.5","24"," 29.9"," 42.0","  59.0"," ","  32.0"," "," 0.02","G","999.9","010000"
"00826099999","2008-12-03","0.0","0.0","0.0","WXPOD8270","  47.7","24","  44.8","18","1021.3","22","999.9"," 0","  3.6","24","  2.2","24"," 16.9"," 25.1","  55.9"," ","  33.8","*"," 0.00","G","999.9","110000"
"00826099999","2008-12-04","0.0","0.0","0.0","WXPOD8270","  47.3","24","  42.3","24","1017.8","16","999.9"," 0","  4.9","24","  5.0","24"," 23.9"," 33.0","  59.0"," ","  32.0"," "," 0.01","G","999.9","111000"
"00826099999","2008-12-05","0.0","0.0","0.0","WXPOD8270","  40.9","24","  40.7","18","1018.8","14","999.9"," 0","  6.5","24","  3.5","24"," 14.0"," 21.0","  57.0"," ","  18.0"," "," 0.00","G","999.9","110000"
"00826099999","2008-12-06","0.0","0.0","0.0","WXPOD8270","  36.7","24","  26.0"," 6","1023.0","15","999.9"," 0","  6.8","24","  4.5","24"," 14.0"," 22.0","  48.2","*","  21.2","*"," 0.00","B","999.9","111000"
"00826099999","2008-12-07","0.0","0.0","0.0","WXPOD8270","  34.9","24","  34.5","17","1022.0","10","999.9"," 0","  6.0","24","  5.8","24"," 15.9"," 25.1","  52.0"," ","  23.0","*"," 0.01","G","999.9","111000"
"00826099999","2008-12-08","0.0","0.0","0.0","WXPOD8270","  41.5","23","  39.9","19","1018.6","17","999.9"," 0","  5.4","23","  3.2","23"," 22.9"," 34.0","  54.0"," ","  28.4","*"," 0.26","G","999.9","100000"
"00826099999","2008-12-09","0.0","0.0","0.0","WXPOD8270","  46.8","23","  38.6","20","1021.9","11","999.9"," 0","  6.9","23","  9.9","23"," 21.0"," 28.0","  53.6","*","  33.1"," "," 0.09","G","999.9","110010"
"00826099999","2008-12-10","0.0","0.0","0.0","WXPOD8270","  45.1","24","  37.1","21","1025.9"," 7","999.9"," 0","  5.6","24","  4.0","24"," 27.0"," 36.9","  64.0"," ","  30.0"," "," 0.01","G","999.9","111000"
"00826099999","2008-12-11","0.0","0.0","0.0","WXPOD8270","  40.8","24","  38.2","23","1017.0"," 5","999.9"," 0","  6.2","24","  7.2","24"," 16.9"," 22.0","  62.1"," ","  28.0"," "," 0.34","G","999.9","110000"
"00826099999","2008-12-12","0.0","0.0","0.0","WXPOD8270","  42.6","23","  39.5","22","1013.9","18","999.9"," 0","  4.2","23","  4.0","23"," 23.9"," 34.0","  55.4","*","  28.4","*"," 1.74","G","999.9","110000"
"00826099999","2008-12-13","0.0","0.0","0.0","WXPOD8270","  31.6","24","  25.9"," 5","1019.3","15","999.9"," 0"," 13.1","24"," 10.2","24"," 18.1"," 29.9","  37.4","*","  24.8","*"," 0.48","G","999.9","000000"
"00826099999","2008-12-14","0.0","0.0","0.0","WXPOD8270","  39.1","24","  34.7","21","1015.4","14","999.9"," 0"," 10.2","24","  6.2","24"," 21.0"," 26.0","  48.9"," ","  23.0","*"," 0.00","G","999.9","011000"
"00826099999","2008-12-15","0.0","0.0","0.0","WXPOD8270","  46.3","24","  39.8","22","1016.9"," 4","999.9"," 0","  9.8","24"," 10.4","24"," 21.0"," 30.9","  60.8","*","  30.2","*"," 0.35","G","999.9","011000"
"00826099999","2008-12-16","0.0","0.0","0.0","WXPOD8270","  36.2","24","  29.7","19","9999.9"," 0","999.9"," 0","  6.5","24","  7.3","24"," 26.0"," 41.0","  60.8","*","  24.8","*"," 0.36","G","999.9","111000"
"00826099999","2008-12-17","0.0","0.0","0.0","WXPOD8270","  38.6","24","  32.7","20","1018.9"," 9","999.9"," 0","  6.8","24","  3.9","24"," 16.9","999.9","  51.8","*","  26.6","*"," 0.24","G","  1.2","011000"
"00826099999","2008-12-18","0.0","0.0","0.0","WXPOD8270","  41.5","24","  32.8","17","1015.7"," 9","999.9"," 0","  6.8","24","  3.9","24"," 14.0","999.9","  53.6","*","  28.9"," "," 0.13","G","999.9","110000"
"00826099999","2008-12-19","0.0","0.0","0.0","WXPOD8270","  47.6","21","  42.2","16","1023.1"," 6","999.9"," 0","  6.6","21","  7.7","21"," 27.0"," 37.9","  66.2","*","  33.1"," "," 0.06","G","999.9","111010"
"00826099999","2008-12-20","0.0","0.0","0.0","WXPOD8270","  34.7","23","  30.1","23","1018.8","10","999.9"," 0","  8.0","23","  5.6","23"," 22.9"," 28.0","  53.1"," ","  28.4","*"," 0.94","G","  9.1","101000"
"00826099999","2008-12-21","0.0","0.0","0.0","WXPOD8270","  36.0","24","  34.3","19","1020.3","18","999.9"," 0","  8.4","24","  7.5","24"," 26.0"," 33.0","  51.1"," ","  19.4","*"," 0.00","G","  5.9","011000"
"00826099999","2008-12-22","0.0","0.0","0.0","WXPOD8270","  25.6","24","  19.4"," 7","9999.9"," 0","999.9"," 0"," 10.7","24"," 13.7","24"," 22.9"," 36.9","  44.6","*","   8.6","*"," 0.69","G","  3.1","011000"
"00826099999","2008-12-23","0.0","0.0","0.0","WXPOD8270","  29.7","23","  19.9","19","1021.0"," 4","999.9"," 0","  8.4","23"," 10.0","23"," 23.9"," 34.0","  44.6","*","  17.6","*"," 0.00","G","  2.0","111000"
"00826099999","2008-12-24","0.0","0.0","0.0","WXPOD8270","  43.6","24","  41.7","21","9999.9"," 0","999.9"," 0","  5.1","24","  5.6","24"," 19.0"," 22.9","  53.6","*","  26.6","*"," 0.12","G","  1.2","111000"
"00826099999","2008-12-25","0.0","0.0","0.0","WXPOD8270","  49.6","24","  42.8","24","1005.4","13","999.9"," 0","  8.1","24"," 10.8","24"," 31.9"," 42.0","  57.2","*","  39.0"," "," 0.56","G","  1.2","010000"
"00826099999","2008-12-26","0.0","0.0","0.0","WXPOD8270","  39.1","24","  30.4","22","1019.2","12","999.9"," 0","  9.9","24","  5.1","24"," 19.0"," 28.0","  59.0","*","  28.4","*"," 0.04","G","999.9","110000"
"00826099999","2008-12-27","0.0","0.0","0.0","WXPOD8270","  44.8","24","  35.8","24","1026.2","14","999.9"," 0","  9.8","24","  4.0","24"," 37.9"," 50.9","  64.4","*","  33.8","*"," 0.00","G","999.9","110010"
"00826099999","2008-12-28","0.0","0.0","0.0","WXPOD8270","  50.8","24","  44.1","23","1026.3","10","999.9"," 0","  8.1","24","  7.1","24"," 22.9"," 34.0","  59.0"," ","  37.4","*"," 0.11","G","999.9","110000"
"00826099999","2008-12-29","0.0","0.0","0.0","WXPOD8270","  41.3","24","  41.1","13","1024.7","12","999.9"," 0","  7.1","24","  4.8","24"," 20.0"," 33.0","  57.0"," ","  28.0"," "," 0.00","G","999.9","100000"
"00826099999","2008-12-30","0.0","0.0","0.0","WXPOD8270","  42.7","24","9999.9"," 0","1022.4","18","999.9"," 0","  8.6","24","  3.9","24"," 25.1"," 35.9","  53.1"," ","  28.4","*"," 0.02","G","999.9","111000"
"00826099999","2008-12-31","0.0","0.0","0.0","WXPOD8270","  37.6","24","  33.8","18","1021.3","13","999.9"," 0","  3.3","24","  6.9","24"," 34.0"," 42.0","  51.1"," ","  21.2","*"," 0.00","G","  3.1","101000"
